No.,Ticker,Beta,Average True Range,20-Day Simple Moving Average,50-Day Simple Moving Average,200-Day Simple Moving Average,52-Week High,52-Week Low,Relative Strength Index (14),Price,Change,Change from Open,Gap,Volume
1,A,1.3,1.46,-3.77%,-5.05%,-6.83%,-16.29%,8.39%,42.55,62.78,1.39%,0.50%,0.89%,2200075
2,AA,,1.49,-6.72%,-6.47%,-0.33%,-23.59%,61.22%,40.55,47.64,-0.89%,-1.55%,0.67%,2442052
3,AABA,1.97,1.57,3.91%,8.10%,10.85%,-1.96%,57.74%,71.55,78.98,2.36%,1.80%,0.54%,4515556
4,AAL,0.98,1.45,2.07%,-4.41%,-10.69%,-25.52%,8.24%,47.55,44,1.06%,-0.11%,1.17%,5470991
5,AAN,0.06,1.23,-1.60%,-8.43%,-4.59%,-19.81%,16.39%,35.24,39.91,0.33%,-0.18%,0.50%,752992
6,AAOI,2.67,2.25,31.31%,46.90%,11.58%,-56.46%,99.73%,78.52,45.02,-3.74%,-3.95%,0.21%,3605835
7,AAXJ,,0.94,0.61%,0.38%,1.04%,-7.96%,15.20%,53.07,76.87,1.14%,0.68%,0.46%,502904
8,AAXN,0.87,2.43,16.45%,38.07%,109.31%,0.55%,217.45%,79.85,65.3,2.54%,2.08%,0.46%,1110163
9,ABBV,1.61,2.67,-4.70%,0.08%,0.61%,-22.10%,48.29%,43.12,98.05,-0.90%,0.12%,-1.02%,14832723
10,ABC,1.01,2.47,-1.97%,-4.16%,-4.63%,-21.58%,15.91%,44.27,83.34,1.46%,0.82%,0.63%,1020497
11,ABEO,1.25,1.41,-5.64%,-0.60%,11.06%,-23.08%,284.62%,48.74,17.5,-1.13%,-2.51%,1.41%,944105
12,ABM,0.8,0.53,-4.58%,-9.31%,-24.60%,-36.86%,0.81%,22.9,28.49,0.11%,-0.52%,0.63%,695009
13,ABT,1.51,1.06,2.55%,4.19%,9.26%,-3.39%,37.26%,58.74,62.41,1.43%,0.73%,0.70%,3588203
14,ACAD,3.38,0.91,2.09%,-4.01%,-35.16%,-55.49%,26.40%,49.67,18.34,1.33%,1.16%,0.17%,1475845
15,ACC,0.22,0.81,5.59%,6.39%,-0.25%,-16.77%,18.77%,67.16,41,2.24%,2.24%,0.00%,1769601
16,ACGL,0.62,1.34,1.10%,-1.55%,-11.71%,-22.19%,3.51%,48.78,79.83,1.76%,0.97%,0.78%,782516
17,ACHC,0.66,1.05,-3.81%,0.06%,3.70%,-26.70%,47.96%,41.37,39.83,-0.90%,-1.41%,0.52%,847938
18,ACIA,,1.53,1.87%,-0.92%,-16.62%,-34.55%,32.65%,50.82,32.79,1.39%,0.95%,0.43%,597674
19,ACIW,1.16,0.51,3.64%,2.13%,4.49%,-7.48%,20.61%,62.42,24.4,1.04%,0.08%,0.95%,712889
20,ACM,1.65,0.73,-1.02%,-4.59%,-7.10%,-16.92%,9.95%,43.53,33.15,0.45%,-0.36%,0.82%,650024
21,ACWI,,0.69,0.18%,1.10%,2.21%,-5.75%,12.43%,53.49,73.08,1.04%,0.36%,0.68%,2917188
22,ADI,1.25,1.85,5.06%,7.43%,10.65%,0.01%,29.35%,69,98.4,1.26%,0.74%,0.51%,2300415
23,ADM,1.02,0.69,-1.08%,-1.17%,3.34%,-5.25%,13.55%,43,43.82,0.23%,-0.05%,0.27%,4236401
24,AEE,0.3,0.91,1.10%,2.03%,-0.42%,-10.45%,11.99%,53.78,58.11,-1.82%,-1.63%,-0.20%,2214737
25,AEL,2.46,1.03,15.92%,17.95%,17.81%,-0.58%,55.82%,76.13,35.87,1.21%,-0.75%,1.98%,545040
26,AEM,-0.35,0.86,2.12%,3.29%,0.31%,-13.77%,19.73%,58.97,44.72,-0.51%,-0.11%,-0.40%,1297877
27,AEO,1.02,0.72,4.18%,6.83%,31.56%,-4.00%,120.53%,58.44,22.56,1.62%,-1.23%,2.88%,4516477
28,AEP,0.18,0.97,-0.47%,-1.74%,-5.61%,-14.59%,5.31%,44.94,66.68,-1.87%,-1.49%,-0.38%,2789715
29,AER,1.8,0.76,-0.15%,3.87%,6.24%,-2.04%,24.66%,57.09,55.11,-0.36%,-0.92%,0.56%,1014055
30,AFL,0.93,0.63,0.54%,1.37%,4.72%,-1.71%,21.80%,53.27,45.4,0.75%,-0.22%,0.98%,2452987
31,AGCO,0.83,1.6,-0.56%,-0.28%,-6.62%,-15.29%,10.70%,47.2,64.34,1.16%,0.48%,0.68%,572242
32,AGO,1.25,0.7,0.80%,-0.70%,-2.38%,-21.38%,9.04%,49.58,35.95,1.30%,0.36%,0.93%,567589
33,AIG,1.21,1.06,-0.30%,-1.48%,-9.66%,-20.82%,7.50%,46.48,53.29,0.95%,-0.22%,1.17%,4448983
34,AIV,0.42,0.65,2.25%,1.92%,-3.05%,-12.14%,8.11%,59.19,41.05,0.54%,0.51%,0.02%,1011544
35,AIZ,0.53,2.23,2.23%,2.64%,-0.48%,-12.08%,11.52%,53.55,94.06,0.76%,-0.49%,1.25%,685239
36,AJG,1.12,1.09,-2.35%,-3.22%,1.56%,-8.99%,17.88%,39.1,66.23,-0.08%,-1.05%,0.98%,1100290
37,AJRD,1.03,0.76,4.31%,2.63%,-1.62%,-19.59%,44.52%,57.17,29.15,0.73%,0.10%,0.62%,589201
38,AKAM,0.63,1.49,0.64%,4.12%,23.27%,-2.91%,70.21%,55.99,76,0.82%,0.40%,0.42%,2815816
39,AKAO,0.96,0.7,-1.40%,-3.28%,-6.72%,-51.94%,23.30%,46.95,12.12,-2.26%,-2.26%,0.00%,812735
40,AKR,0.49,0.54,4.67%,5.99%,-3.40%,-16.55%,19.78%,66.12,25.56,-0.74%,2.49%,-3.15%,718474
41,AKRX,1.71,0.69,1.62%,-13.14%,-49.57%,-59.38%,28.22%,41.79,13.79,-1.29%,-1.22%,-0.07%,2468407
42,ALB,1.64,2.52,-5.16%,-2.42%,-19.68%,-34.99%,8.66%,40.94,94.26,0.85%,0.81%,0.03%,1242803
43,ALDR,2.59,0.8,22.25%,31.36%,44.66%,-8.50%,112.79%,81.82,18.3,4.87%,4.27%,0.57%,1756265
44,ALK,0.76,1.52,1.17%,-1.76%,-11.06%,-36.44%,5.79%,51.09,60.86,0.08%,-0.23%,0.31%,1618905
45,ALL,0.93,1.35,-1.47%,-2.14%,-2.50%,-10.91%,9.69%,38.66,93.86,0.41%,-0.41%,0.82%,1712943
46,ALLE,1.06,1.75,0.65%,-3.83%,-5.70%,-13.27%,5.47%,45.68,77.89,1.91%,1.02%,0.88%,725644
47,ALLY,1.33,0.63,-2.42%,-3.18%,-2.30%,-16.81%,40.85%,42.3,26.03,1.48%,0.27%,1.21%,3923775
48,ALSN,1.22,1.02,-1.34%,2.95%,4.35%,-8.38%,27.12%,50.24,41.86,1.33%,0.70%,0.63%,1430930
49,AMAT,1.62,1.53,-0.34%,-1.89%,-1.27%,-16.28%,28.07%,49.81,52.24,2.88%,1.83%,1.02%,11286761
50,AMBA,1.21,2.04,-2.84%,-0.60%,-5.23%,-25.79%,22.69%,47.94,49.15,0.59%,-0.45%,1.04%,902243
51,AMC,0.8,0.57,-7.25%,-7.48%,1.16%,-42.13%,37.04%,36.66,14.8,0.00%,-0.34%,0.34%,927492
52,AMCX,0.81,1.41,1.73%,7.28%,6.45%,-14.69%,22.69%,57.98,57.53,0.63%,0.00%,0.63%,674477
53,AME,1.26,1.47,-0.09%,-0.17%,3.62%,-6.44%,24.60%,49.57,74.21,1.62%,0.60%,1.01%,1222900
54,AMTD,1.31,1.24,-0.38%,1.00%,13.01%,-4.57%,61.77%,51.86,60.13,1.57%,-0.07%,1.64%,1790581
55,AN,1.4,1.31,0.13%,0.10%,-6.21%,-24.85%,20.78%,50.53,46.61,2.08%,1.66%,0.42%,792028
56,ANDX,1.17,1.3,-0.01%,-2.70%,-7.10%,-20.68%,7.70%,48.53,43.79,2.07%,1.84%,0.23%,801894
57,ANF,0.84,1.15,-15.79%,-16.29%,14.60%,-25.44%,147.11%,28.31,21.77,-8.72%,-4.01%,-4.91%,16020673
58,AOS,1.51,1.18,0.10%,0.07%,2.87%,-7.09%,19.37%,49.7,63.54,0.75%,0.25%,0.49%,827008
59,APA,1.07,1.29,-5.82%,-3.26%,-5.23%,-23.90%,15.98%,41.59,38.97,-2.57%,-2.62%,0.05%,3797223
60,APC,1.3,1.79,3.16%,8.64%,29.65%,-2.27%,77.80%,62.92,71.05,1.79%,1.56%,0.23%,4390036
61,APH,0.84,1.26,1.28%,2.71%,1.55%,-5.61%,22.14%,59.38,88.37,1.66%,0.91%,0.74%,1049269
62,APO,1.18,0.78,5.44%,7.68%,2.83%,-13.44%,26.24%,66.07,32.33,3.22%,2.44%,0.77%,1120611
63,APTV,1.5,1.72,3.09%,10.52%,13.97%,0.29%,40.52%,70.7,99.08,1.62%,0.78%,0.83%,1356815
64,APY,,2.04,0.15%,1.22%,1.22%,-10.54%,23.71%,,41.25,-4.49%,-4.73%,0.25%,666257
65,AQUA,,0.58,-2.16%,-8.26%,-13.83%,-25.28%,4.99%,39.65,18.95,-1.76%,-2.72%,0.98%,619096
66,AR,0.84,0.54,3.12%,-0.13%,0.13%,-14.46%,18.95%,55.48,19.4,1.52%,1.09%,0.42%,2925983
67,ARMK,0.65,0.64,0.91%,0.63%,-6.20%,-16.32%,6.30%,51.68,38.57,-0.64%,-1.03%,0.39%,977525
68,ARNA,1.51,1.74,7.22%,17.10%,43.48%,0.92%,294.10%,67.25,48.08,5.16%,4.66%,0.48%,977785
69,ARNC,1.16,0.56,-1.58%,-14.01%,-27.87%,-43.05%,6.54%,35.57,17.75,0.57%,0.34%,0.23%,4847955
70,ARRS,1.2,0.51,-3.72%,-5.44%,-6.37%,-16.75%,11.90%,31.71,25.29,0.04%,-0.47%,0.51%,1388767
71,ARRY,1.79,0.62,12.25%,12.53%,27.13%,-9.53%,137.62%,68.41,16.99,3.91%,3.03%,0.86%,2523218
72,ARWR,2.57,0.56,16.60%,38.94%,107.22%,-5.70%,655.02%,75.8,10.91,1.77%,1.39%,0.37%,1196291
73,ASB,0.99,0.55,2.67%,7.09%,11.54%,-0.36%,32.94%,63.13,27.85,0.91%,-0.54%,1.45%,1217100
74,ATH,,1.05,-2.04%,-4.63%,-9.44%,-17.53%,3.59%,41.77,45.54,1.95%,0.71%,1.23%,1246154
75,ATI,2.44,0.89,2.13%,9.01%,15.20%,-4.93%,88.59%,62.28,28.76,0.84%,-0.62%,1.47%,3550953
76,ATKR,,0.61,6.79%,11.46%,8.98%,-11.09%,44.58%,66.68,21.76,0.74%,0.28%,0.46%,697738
77,ATUS,,0.88,14.40%,16.70%,0.47%,-36.89%,37.05%,70.32,20.08,2.66%,2.50%,0.15%,4458240
78,ATVI,1.2,1.83,3.04%,6.63%,9.44%,-8.29%,31.80%,62.82,73.03,2.99%,2.25%,0.72%,6363937
79,AVT,0.96,0.85,-1.95%,-4.45%,-4.38%,-13.87%,8.30%,42.38,38.63,1.34%,0.70%,0.63%,1118310
80,AVYA,,0.69,2.83%,1.81%,7.67%,-3.41%,46.88%,56.5,22.95,3.99%,3.66%,0.32%,972336
81,AWK,0.16,1.25,-0.63%,-0.70%,-2.31%,-11.09%,8.01%,47.21,82.13,-1.21%,-1.52%,0.31%,742380
82,AXP,1.1,1.71,-2.08%,1.08%,3.51%,-4.83%,27.68%,45.62,98.25,-0.05%,-1.10%,1.06%,2710139
83,AXTA,1.31,0.66,-0.76%,0.33%,1.21%,-17.59%,13.36%,49.36,31.48,1.19%,1.19%,0.00%,1000567
84,AYX,,1.54,6.93%,4.14%,26.51%,-10.41%,97.69%,59.03,35.13,3.26%,1.77%,1.47%,881817
85,AZN,0.63,0.52,1.07%,2.76%,7.99%,-1.31%,29.48%,56.75,36.81,-0.59%,0.25%,-0.84%,2730518
86,AZUL,,1.2,-12.16%,-27.58%,-23.10%,-39.77%,7.10%,29.62,21.11,-1.26%,-1.63%,0.37%,674301
87,BAC,1.34,0.6,-2.78%,-2.35%,2.36%,-11.04%,33.21%,43.26,29.4,1.24%,-0.31%,1.55%,64654791
88,BAH,1.25,0.71,8.09%,11.40%,17.31%,-1.16%,44.30%,80.72,44.82,-0.60%,-0.84%,0.24%,1152148
89,BAS,,0.95,-14.54%,-15.92%,-31.60%,-57.67%,-1.57%,36.71,12.52,-5.22%,-5.72%,0.53%,1031369
90,BAX,0.83,1.29,2.43%,6.65%,10.24%,-0.47%,27.94%,63.69,72.7,2.63%,1.81%,0.80%,3532120
91,BBL,1.3,0.94,1.73%,8.26%,15.92%,-3.53%,60.91%,60.36,46.23,0.98%,-0.30%,1.29%,1349804
92,BBT,1.02,1.01,-2.22%,0.01%,5.16%,-5.52%,28.44%,44.89,53.2,1.33%,-0.23%,1.56%,3253730
93,BBY,0.86,2,-8.24%,-5.83%,4.48%,-13.83%,33.40%,34.1,68.85,0.88%,0.51%,0.37%,3602161
94,BC,1.84,1.24,5.34%,7.83%,14.08%,0.51%,35.28%,70.19,64.99,2.19%,1.74%,0.44%,830659
95,BDC,2.32,1.8,-3.72%,-13.00%,-27.31%,-37.06%,2.22%,34.14,54.84,-0.76%,-1.91%,1.18%,559956
96,BECN,1.33,1.6,-2.90%,-13.47%,-22.37%,-37.50%,7.33%,35.32,41.55,-0.84%,-1.33%,0.50%,2479846
97,BEN,1.6,0.73,1.69%,1.23%,-9.44%,-22.19%,7.74%,53.54,34.12,1.64%,0.41%,1.22%,2534849
98,BERY,0.99,1.19,-1.28%,-8.37%,-14.77%,-21.89%,1.90%,37.91,48.2,-0.19%,-0.39%,0.21%,1095198
99,BF-B,0.87,1.09,-3.08%,-0.21%,11.35%,-6.70%,50.21%,42.55,55.59,-1.71%,-1.92%,0.21%,1734015
100,BG,1.15,1.16,-0.43%,-3.35%,-3.14%,-16.00%,9.43%,41.15,69.89,0.49%,0.42%,0.07%,915654
101,BGS,0.39,0.92,5.81%,12.50%,-7.76%,-31.31%,28.64%,64.48,28.3,0.53%,0.35%,0.18%,1005225
102,BHF,,1.44,-2.10%,-5.34%,-16.03%,-36.96%,2.47%,43.07,47.28,0.36%,-0.69%,1.06%,903306
103,BHGE,0.72,1.05,-2.56%,4.26%,7.24%,-14.43%,36.82%,49.99,34.93,0.98%,-0.14%,1.13%,2905435
104,BHP,1.31,1,0.76%,6.03%,11.81%,-3.64%,50.33%,57.28,50.24,0.92%,-0.14%,1.06%,1808623
105,BIG,1.14,1.31,-6.83%,-8.76%,-24.18%,-39.94%,-2.00%,32.88,38.69,-5.43%,5.14%,-10.05%,11042326
106,BILI,,1.14,33.92%,43.59%,43.59%,-4.52%,75.78%,75.72,16.91,4.19%,2.42%,1.73%,4280806
107,BITA,3.06,1.3,14.05%,20.41%,-22.56%,-52.21%,40.82%,65.83,26.01,4.33%,4.63%,-0.28%,1785052
108,BK,1.19,1.04,-1.96%,2.13%,2.35%,-6.17%,18.35%,47.88,55.35,1.10%,-0.18%,1.28%,5065894
109,BLDR,2.07,0.55,-0.70%,-0.85%,-0.91%,-18.13%,40.15%,47.45,19.06,-2.66%,-3.35%,0.72%,893835
110,BLL,0.85,0.7,-3.59%,-6.29%,-7.60%,-14.99%,3.26%,29.8,36.76,-0.51%,-1.08%,0.57%,2459345
111,BLMN,0.3,0.7,-6.96%,-10.68%,0.59%,-16.40%,29.73%,29.66,20.9,-1.51%,-2.11%,0.61%,1439777
112,BLNK,3.88,0.75,18.47%,91.91%,-6.38%,-78.99%,453.13%,64.45,7.08,-3.01%,-2.34%,-0.68%,1210083
113,BMRN,1.71,2.52,3.84%,9.15%,6.40%,-8.11%,21.25%,63.62,91.92,1.75%,1.37%,0.38%,1287326
114,BMY,0.94,0.9,2.06%,-4.15%,-12.88%,-24.15%,6.35%,45.34,53.13,0.97%,0.42%,0.55%,6114302
115,BNS,1.29,0.88,-4.13%,-3.29%,-6.14%,-11.08%,5.60%,35.85,59.38,-1.57%,0.15%,-1.72%,1268322
116,BOFI,0.29,1.05,0.87%,1.38%,26.19%,-4.57%,92.18%,53,41.51,0.73%,0.02%,0.70%,1054235
117,BOOT,1.61,0.94,9.97%,24.25%,64.35%,-6.06%,317.97%,69.68,24.66,4.14%,3.22%,0.89%,1169655
118,BOX,1.15,1.15,-2.46%,11.39%,22.55%,-8.33%,52.41%,52.93,26.29,2.38%,1.47%,0.90%,6303016
119,BP,0.89,0.81,-0.34%,4.80%,13.47%,-3.99%,35.46%,55.1,45.92,0.22%,-0.54%,0.76%,4845994
120,BPL,1.12,1.12,-7.06%,-8.29%,-26.23%,-45.72%,1.50%,33.87,35.77,-0.78%,-0.91%,0.14%,939344
121,BRKS,1.06,0.92,11.98%,19.61%,21.07%,-3.54%,55.21%,79.24,33.54,2.63%,1.33%,1.29%,784510
122,BRS,2.93,0.86,-27.52%,-22.22%,-8.78%,-36.75%,88.05%,25.46,11.96,1.10%,1.27%,-0.17%,1058872
123,BRZU,,2.77,-25.26%,-39.01%,-44.79%,-62.15%,8.48%,28.32,24.7,1.48%,-2.06%,3.62%,3731301
124,BSX,0.78,0.5,1.59%,5.77%,9.72%,-1.39%,24.65%,62.97,30.59,0.66%,-0.16%,0.82%,7102776
125,BTI,1.06,0.83,-1.28%,-6.47%,-17.63%,-30.84%,1.56%,37.19,50.77,-0.84%,-0.86%,0.02%,1825665
126,BTU,,1.33,12.61%,18.01%,28.01%,3.63%,100.84%,77.86,45.35,4.81%,4.28%,0.51%,1975847
127,BUD,0.99,1.8,-1.90%,-7.90%,-16.58%,-26.15%,1.88%,35.98,93.42,-0.18%,-1.08%,0.91%,2048706
128,BWA,1.8,1.25,-1.24%,-2.10%,-2.87%,-14.20%,24.88%,46.24,49.95,2.40%,1.34%,1.05%,993138
129,BX,1.29,0.58,2.32%,2.46%,-1.23%,-13.81%,9.37%,61.34,32.34,1.28%,0.81%,0.47%,2831966
130,BXS,1.41,0.64,-0.07%,3.41%,5.75%,-4.36%,25.00%,53.5,34,1.49%,-0.29%,1.79%,534140
131,BYD,1.81,0.89,7.74%,13.12%,20.07%,-4.53%,59.74%,73.65,38.61,2.28%,2.01%,0.26%,1634963
132,BZUN,,2.61,18.23%,27.02%,62.13%,-0.47%,224.93%,73.1,61.77,0.75%,-0.19%,0.95%,2519229
133,C,1.51,1.39,-3.89%,-3.40%,-7.28%,-16.63%,11.83%,40.37,67.28,0.88%,-0.31%,1.20%,14910795
134,CA,0.68,0.62,2.54%,4.07%,6.08%,-3.33%,18.26%,65.84,36.01,0.76%,0.31%,0.45%,2173301
135,CADE,,0.77,-0.48%,2.83%,13.72%,-3.77%,46.75%,52.91,29.35,0.48%,-0.14%,0.62%,1970621
136,CAG,0.29,0.58,-1.04%,0.11%,2.64%,-8.21%,14.86%,45.53,36.94,-0.32%,-0.59%,0.27%,1619476
137,CAH,1.01,1.72,-0.93%,-10.81%,-17.74%,-34.48%,3.68%,38.51,52.66,1.09%,-0.68%,1.79%,2490943
138,CAR,2.09,1.53,-10.01%,-16.45%,-8.51%,-24.47%,85.56%,29.21,38.43,-1.44%,-2.34%,0.92%,1300582
139,CARA,3.05,0.98,13.78%,19.76%,17.08%,-46.28%,37.80%,59.8,15.31,-2.11%,-1.10%,-1.02%,804678
140,CARG,,1.57,3.96%,0.34%,4.78%,-17.39%,29.75%,55.34,33.54,1.15%,1.15%,0.00%,740137
141,CARS,,1.06,3.11%,-3.42%,-3.17%,-18.49%,25.64%,52.44,26.31,2.45%,2.14%,0.31%,1289699
142,CASY,0.59,2.38,-2.46%,-5.29%,-12.58%,-24.75%,1.60%,39.69,96.7,-0.10%,-0.72%,0.62%,514373
143,CATM,0.87,1.05,-9.97%,-1.33%,8.66%,-26.62%,62.09%,40.06,25.61,-0.19%,-1.16%,0.97%,512535
144,CAVM,1.39,2.45,8.26%,7.31%,8.13%,-8.63%,48.63%,65.81,84.66,1.26%,0.81%,0.44%,2006911
145,CBAY,1.99,0.76,5.41%,3.99%,24.16%,-18.67%,198.35%,55.73,12.68,-2.24%,-1.71%,-0.54%,683197
146,CBOE,0.59,2.27,-5.75%,-8.65%,-13.55%,-28.96%,14.31%,28.77,98.42,0.88%,-0.44%,1.32%,1000775
147,CBRE,1.72,0.88,-2.09%,-1.79%,7.01%,-4.89%,34.16%,40.84,46.07,-0.26%,-1.16%,0.91%,1531722
148,CBS,1.48,1.31,-3.38%,-2.49%,-10.83%,-27.30%,5.13%,41.34,49.98,-0.77%,-1.03%,0.26%,2107919
149,CC,,1.23,-3.16%,-1.56%,-2.72%,-15.10%,41.53%,42.83,49.31,0.65%,-0.44%,1.10%,1192168
150,CCE,0.76,0.62,-0.84%,-4.53%,-5.54%,-15.33%,4.76%,38.09,37.89,-0.21%,-0.68%,0.47%,1185122
151,CCK,1.4,1.07,-2.38%,-9.02%,-20.41%,-29.79%,2.56%,36.17,43.72,0.88%,-0.05%,0.92%,1684734
152,CCL,0.85,1.1,-1.35%,-2.02%,-4.96%,-13.11%,2.07%,44.04,63.17,1.43%,0.78%,0.64%,3127291
153,CDEV,,0.88,-11.78%,-8.22%,-10.22%,-23.58%,20.00%,37.76,16.92,-3.86%,-4.62%,0.80%,5016583
154,CDK,0.78,0.98,0.57%,0.37%,-3.12%,-15.03%,8.90%,53.92,64.61,0.40%,-0.23%,0.64%,1847972
155,CDNS,1.12,0.7,3.58%,9.98%,5.94%,-6.07%,31.54%,72.32,43.21,1.79%,1.17%,0.61%,1489844
156,CDW,1.09,1.51,3.01%,9.45%,15.43%,-1.18%,38.30%,68.67,81,1.19%,0.68%,0.50%,836900
157,CELG,1.45,2.17,-2.32%,-7.61%,-25.36%,-46.29%,6.62%,41.1,79.04,0.46%,0.19%,0.27%,8178776
158,CENX,0.83,0.81,8.24%,3.86%,-0.88%,-28.50%,36.86%,60.2,17.71,-0.06%,-0.78%,0.73%,1883785
159,CERN,0.97,1.48,0.60%,2.09%,-8.66%,-19.13%,14.76%,52.43,59.73,0.08%,-0.63%,0.72%,1856815
160,CF,1.1,1.09,0.26%,3.60%,6.48%,-10.07%,57.78%,52.1,40.47,-1.63%,-2.36%,0.75%,2212012
161,CFG,1.37,1,0.07%,-0.67%,2.32%,-13.68%,32.12%,49.73,41.63,1.91%,0.41%,1.49%,4154919
162,CFX,1.23,0.82,-3.87%,-2.94%,-16.17%,-28.92%,6.01%,42.15,30.77,0.62%,0.16%,0.46%,764354
163,CGNX,1.56,1.46,-1.38%,-5.14%,-19.18%,-36.50%,16.17%,45.11,46.35,1.40%,0.46%,0.94%,973823
164,CHD,0.41,0.86,0.37%,-1.03%,-1.88%,-12.66%,9.51%,48.75,47.32,0.79%,0.47%,0.32%,1921763
165,CHGG,1.46,0.83,9.48%,20.76%,55.59%,-0.18%,143.71%,78.28,28.1,0.46%,-0.18%,0.64%,1464071
166,CHKP,0.64,1.84,1.37%,-0.30%,-5.88%,-16.91%,5.63%,55.37,99.04,1.73%,2.03%,-0.30%,1492153
167,CHRS,3.48,0.86,0.11%,17.18%,31.97%,-32.87%,93.79%,60.03,15.6,0.00%,-0.95%,0.96%,1017461
168,CHRW,0.43,1.85,1.47%,-2.96%,3.10%,-12.64%,38.02%,47.53,87.52,0.60%,-0.11%,0.71%,1113866
169,CHS,0.73,0.5,-14.59%,-13.70%,-5.55%,-22.75%,20.98%,33.75,8.42,-0.47%,-0.94%,0.47%,5115631
170,CIEN,1.33,0.7,-7.47%,-8.68%,1.46%,-16.33%,20.67%,31.28,23.41,1.56%,0.91%,0.65%,7467519
171,CINF,0.87,1.3,-0.50%,-2.89%,-5.41%,-13.82%,2.78%,45.58,70.18,1.17%,0.30%,0.86%,570376
172,CIT,1.25,1.06,-5.52%,-4.40%,0.23%,-10.38%,16.32%,32.81,50.31,0.76%,-0.71%,1.48%,2474884
173,CJ,,1.13,-11.79%,-8.23%,-9.79%,-29.04%,13.53%,35.12,26.1,-3.05%,-3.58%,0.56%,1565094
174,CL,0.75,1.02,-0.03%,-5.96%,-11.75%,-19.54%,2.30%,39.55,62.69,-0.63%,-0.89%,0.25%,3669398
175,CLR,1.28,2.07,1.72%,7.05%,36.42%,-2.49%,134.42%,58.66,68.17,1.23%,0.07%,1.16%,2608044
176,CLSD,,1.06,-22.30%,-16.96%,14.63%,-36.40%,83.96%,33.33,9.75,-1.12%,-3.85%,2.84%,1035479
177,CMA,1.37,2,-1.34%,-0.40%,10.41%,-6.73%,49.52%,46.33,95.75,1.55%,0.05%,1.50%,1323357
178,CMC,1.36,0.7,4.66%,11.28%,12.85%,-9.81%,41.35%,67.69,24.1,1.95%,-0.12%,2.07%,803295
179,CMCM,3.44,0.68,-2.54%,-2.65%,3.88%,-32.34%,63.13%,44.5,12.3,-6.32%,-6.39%,0.08%,1983473
180,CMCSA,1.2,0.72,-1.74%,-4.51%,-15.86%,-28.95%,2.73%,40.58,31.26,0.26%,-0.26%,0.51%,18275856
181,CMS,0.07,0.64,-0.02%,-0.07%,-2.41%,-11.17%,11.59%,48.19,45.17,-2.08%,-2.04%,-0.04%,2489816
182,CNI,1.06,1.48,2.32%,7.88%,5.51%,-2.62%,18.26%,63.23,83.48,0.00%,0.01%,-0.01%,950474
183,CNK,0.96,0.8,-6.43%,-10.59%,-7.62%,-23.21%,5.49%,23.19,33.79,0.06%,-0.27%,0.33%,851691
184,CNQ,1.34,0.9,-3.99%,-0.34%,2.28%,-9.79%,25.22%,43.8,34.46,-0.29%,-0.58%,0.29%,3078619
185,CNX,1.26,0.51,4.06%,6.46%,15.39%,-8.49%,46.44%,62.33,16.55,2.41%,1.66%,0.74%,3478248
186,COF,1.31,2.04,1.46%,0.41%,2.17%,-11.01%,23.38%,52.53,94.77,0.82%,-0.18%,1.00%,1749903
187,COG,0.38,0.62,0.28%,-1.45%,-10.60%,-22.12%,7.62%,49.73,23.03,0.79%,0.44%,0.35%,4053361
188,COLD,,0.64,-0.33%,5.64%,11.26%,-9.30%,32.36%,53.62,21.35,3.64%,1.67%,1.94%,1360813
189,COMM,0.97,0.97,1.53%,-15.30%,-16.67%,-28.39%,13.31%,38.26,29.79,1.60%,1.12%,0.48%,1056489
190,CONE,0.82,1.33,4.24%,7.54%,-1.24%,-14.57%,29.12%,65.46,56.15,1.39%,2.15%,-0.74%,1034469
191,CONN,1.65,1.14,-10.28%,-17.80%,-22.09%,-40.21%,41.25%,27.23,22.6,-2.38%,-3.42%,1.08%,762871
192,COP,1.16,1.75,-0.27%,5.26%,23.82%,-4.77%,61.58%,55.3,68.29,1.34%,0.78%,0.55%,7111293
193,CORT,1.94,0.83,3.99%,7.29%,3.63%,-28.74%,77.88%,56.2,18.5,0.00%,-0.96%,0.97%,874781
194,COUP,,1.75,3.50%,10.52%,39.06%,-1.87%,89.59%,63.42,54.07,1.29%,0.20%,1.09%,993141
195,CPB,0.29,1.06,-11.62%,-17.54%,-26.72%,-42.95%,0.00%,21.9,33.28,-1.07%,-1.22%,0.15%,3499466
196,CPE,1.14,0.55,-16.60%,-15.66%,-4.66%,-24.10%,19.06%,29.64,11.12,-6.08%,-6.48%,0.42%,16054827
197,CPRT,0.97,1.27,2.45%,6.47%,29.08%,-2.13%,83.40%,59.95,55.57,1.35%,0.71%,0.64%,1564019
198,CPT,0.41,1.49,4.16%,4.99%,1.31%,-7.42%,14.13%,67.1,89.24,1.41%,1.31%,0.10%,810406
199,CRC,6.05,2.55,6.89%,39.77%,109.59%,-10.09%,465.84%,64.29,36.61,-0.35%,0.00%,-0.35%,2097403
200,CREE,0.66,1.25,8.02%,13.41%,33.71%,-1.42%,130.83%,73.88,47.32,1.50%,0.60%,0.90%,773971
201,CRH,0.95,0.67,1.34%,5.35%,4.42%,-5.52%,14.41%,57.76,37.15,0.43%,-1.46%,1.92%,647004
202,CRK,0.18,0.79,16.31%,47.15%,57.75%,-6.24%,173.57%,70.39,10.97,-4.61%,-5.02%,0.43%,1148205
203,CROX,0.29,0.57,11.44%,12.57%,44.73%,0.27%,173.35%,69.5,18.26,2.35%,0.66%,1.68%,1110246
204,CRSP,,5.06,11.13%,25.61%,101.38%,-9.16%,395.79%,63.22,67.13,-2.58%,-5.21%,2.77%,2377301
205,CRTO,1.81,1.07,-5.34%,-8.65%,-25.76%,-54.91%,15.57%,38.75,24.27,0.50%,0.41%,0.08%,621610
206,CRUS,0.29,1.08,-5.80%,-5.81%,-24.97%,-49.35%,4.80%,35.91,36.45,-2.75%,-3.11%,0.37%,1671898
207,CRZO,2.14,1.25,0.32%,22.41%,35.45%,-13.37%,124.14%,57.92,24.88,-1.50%,-0.56%,-0.95%,4934030
208,CSCO,1.09,0.84,-1.77%,-0.02%,12.23%,-5.84%,43.81%,50.08,43.66,2.22%,1.75%,0.47%,18327601
209,CSFL,0.51,0.7,0.23%,8.34%,15.82%,-3.41%,43.18%,57.93,31.17,1.37%,0.55%,0.81%,588910
210,CSIQ,2.46,0.59,-5.76%,-3.81%,-4.85%,-17.81%,28.19%,39.26,15.69,-5.54%,-5.77%,0.24%,1407279
211,CSOD,0.56,1.33,7.05%,15.27%,27.94%,0.55%,53.28%,75.71,50.95,2.97%,2.25%,0.71%,964215
212,CSX,1.22,1.22,3.96%,10.13%,18.57%,-0.74%,36.36%,68.57,65.44,1.22%,0.34%,0.88%,4422122
213,CTB,0.45,0.82,2.96%,-4.45%,-21.82%,-36.24%,15.17%,50.03,26,1.17%,0.19%,0.97%,557910
214,CTRP,1.73,1.07,3.46%,2.41%,-4.70%,-25.66%,12.36%,58.27,45.09,0.00%,-0.13%,0.13%,4577598
215,CTSH,1.05,1.43,0.69%,-2.85%,1.37%,-9.67%,17.20%,48.95,76.87,2.02%,1.44%,0.57%,3087926
216,CVLT,1.14,1.29,0.44%,2.90%,17.50%,-3.78%,42.19%,53.82,68.75,0.59%,0.00%,0.59%,925068
217,CVNA,,1.63,6.38%,9.91%,43.24%,-10.14%,218.49%,60.13,28.17,-2.36%,-2.49%,0.14%,1048356
218,CVRR,1.44,1.31,16.78%,39.39%,76.52%,-7.12%,260.45%,72.63,24.15,6.62%,5.92%,0.66%,2022910
219,CVS,1,1.69,-0.46%,-0.71%,-10.87%,-23.73%,6.53%,46.79,64.07,1.07%,0.34%,0.73%,5492544
220,CWH,,1.3,-14.47%,-28.64%,-49.93%,-60.21%,2.62%,26.01,18.83,-0.89%,-1.10%,0.21%,2497032
221,D,0.26,0.92,-1.22%,-3.14%,-15.48%,-25.72%,1.69%,39.13,63.36,-1.29%,-1.19%,-0.11%,3405193
222,DAL,1.08,1.19,2.42%,1.68%,3.41%,-10.48%,22.05%,54.88,54.42,0.68%,0.00%,0.68%,4307955
223,DAN,1.75,0.62,-3.99%,-8.69%,-19.42%,-35.72%,8.31%,32.07,22.67,1.66%,-1.18%,2.87%,2159298
224,DATA,0.82,2.3,4.13%,13.24%,25.88%,-1.27%,72.10%,71.71,98.53,-0.34%,-0.37%,0.03%,1022962
225,DBD,1.95,0.58,-4.34%,-15.80%,-32.82%,-58.60%,3.28%,37.91,11.8,2.61%,1.72%,0.87%,1649267
226,DBX,,0.92,-1.98%,-1.99%,-1.99%,-14.87%,6.85%,45.84,29.65,-1.13%,-1.17%,0.03%,2297597
227,DCT,0.88,1.07,0.90%,8.81%,12.14%,-1.11%,26.37%,65.4,65.79,1.01%,0.60%,0.41%,609699
228,DDD,1.39,0.55,4.10%,7.39%,11.79%,-44.84%,57.20%,57.38,12.45,0.73%,0.65%,0.08%,1395893
229,DEI,0.69,0.56,1.51%,4.13%,-0.02%,-7.50%,10.80%,61.75,38.47,-0.05%,-0.23%,0.18%,580987
230,DERM,1.47,0.68,-10.64%,-1.05%,-57.70%,-71.79%,27.65%,44.75,8.91,2.65%,2.30%,0.35%,647321
231,DFS,1.45,1.55,-1.36%,1.45%,4.44%,-9.67%,28.71%,47.78,74.01,0.20%,-0.76%,0.97%,1732007
232,DG,0.98,2.23,-6.08%,-6.48%,-0.44%,-15.65%,35.30%,32.98,89.26,2.03%,2.01%,0.02%,7290794
233,DGAZ,,1.27,-12.64%,-18.66%,-19.01%,-48.65%,28.59%,33.84,22.04,-1.78%,-1.87%,0.09%,4589582
234,DHI,1.11,1.17,-1.24%,-3.42%,-4.82%,-20.84%,29.74%,44.35,42.21,0.00%,-0.54%,0.54%,3010254
235,DIS,1.28,1.62,-2.64%,-1.62%,-3.64%,-12.22%,3.28%,39.7,99.36,-0.11%,-0.33%,0.22%,6844572
236,DISCA,1.51,0.72,-8.16%,-8.15%,-4.58%,-24.96%,31.02%,33.88,20.95,-0.66%,-1.09%,0.43%,6303153
237,DISCK,,0.71,-7.88%,-6.62%,-3.89%,-26.89%,32.42%,36.31,19.85,0.40%,0.15%,0.25%,4165988
238,DISH,1.1,1.12,-7.97%,-17.23%,-36.40%,-56.27%,0.99%,27.06,29.08,-1.59%,-2.25%,0.68%,2957990
239,DK,1.47,2.21,16.48%,27.48%,72.22%,3.10%,188.57%,78.22,59.59,6.83%,5.67%,1.09%,3902352
240,DKS,0.52,1.59,11.11%,7.77%,17.44%,-15.57%,48.03%,58.51,35.35,-3.42%,-4.46%,1.09%,6724999
241,DLPH,,1.28,0.95%,2.95%,-0.60%,-15.71%,33.95%,52.32,50.9,1.60%,0.67%,0.92%,549218
242,DLTR,0.79,2.88,-13.19%,-14.85%,-15.95%,-30.32%,23.85%,21.64,81.28,-1.59%,-2.25%,0.68%,7653765
243,DM,1.86,0.61,-9.86%,-13.64%,-50.59%,-63.13%,2.39%,28.34,12.85,0.39%,-1.15%,1.56%,917682
244,DNKN,0.3,1.08,-1.55%,2.56%,7.38%,-6.82%,25.33%,48.86,63.78,-0.39%,-0.73%,0.34%,1296387
245,DO,1.15,0.79,-1.78%,3.90%,15.13%,-11.30%,85.08%,52.61,18.61,2.48%,2.65%,-0.17%,1457141
246,DOCU,,2.25,11.69%,14.06%,14.06%,-2.11%,35.46%,,50.12,0.62%,-0.32%,0.94%,564239
247,DOV,1.29,1.83,0.67%,0.96%,0.58%,-11.44%,25.66%,50.68,77.96,0.97%,-0.05%,1.02%,1206012
248,DPLO,1.34,0.89,0.00%,6.86%,10.53%,-16.27%,63.40%,51.5,23.26,-1.19%,-1.27%,0.08%,800480
249,DRI,0.18,1.7,-0.11%,0.02%,0.39%,-11.60%,16.04%,51.11,88.5,1.25%,0.24%,1.01%,1262010
250,DRIP,,0.58,-5.72%,-28.48%,-54.68%,-77.17%,17.35%,37.13,6.56,0.46%,0.61%,-0.15%,4129129
251,DRQ,0.79,1.49,4.61%,6.28%,6.05%,-14.94%,34.17%,61.38,48.1,0.10%,-0.52%,0.62%,1058695
252,DSW,0.63,0.84,-2.55%,4.29%,14.92%,-9.30%,58.45%,47.34,23.99,0.46%,0.54%,-0.08%,3990443
253,DUK,0.12,1.17,-0.83%,-1.73%,-7.25%,-17.12%,4.32%,45.49,76.08,-1.40%,-1.35%,-0.05%,3401346
254,DUST,,0.96,1.88%,0.19%,-2.80%,-32.44%,27.51%,50.03,24.24,0.46%,0.08%,0.37%,3353278
255,DVA,1.11,1.37,0.55%,3.16%,2.67%,-16.88%,27.77%,54.54,67.09,0.37%,-0.04%,0.42%,1250003
256,DVAX,0.83,0.92,-5.46%,-10.86%,-12.83%,-33.74%,201.40%,42.83,16.2,2.53%,2.21%,0.32%,1642998
257,DVMT,,2.16,10.53%,13.84%,10.11%,-8.17%,41.59%,74.72,84.85,5.19%,2.84%,2.29%,3784368
258,DVN,2.2,1.25,1.55%,13.49%,13.32%,-8.33%,43.78%,62.84,41.4,-0.41%,-0.53%,0.12%,4918879
259,DWDP,,1.49,-0.01%,1.34%,-4.97%,-14.15%,8.00%,52.42,66.17,3.21%,2.00%,1.19%,8897775
260,DXC,0.92,3.2,-16.31%,-17.75%,-13.14%,-22.67%,13.45%,21.13,83.4,-9.46%,3.18%,-12.25%,3879152
261,DXCM,-0.02,2.41,6.72%,18.31%,45.96%,3.13%,116.33%,79.27,92.2,4.78%,4.65%,0.13%,1437327
262,DXD,,0.82,-0.48%,-2.80%,-9.29%,-32.06%,11.14%,47.11,33.43,-1.79%,-0.12%,-1.67%,582633
263,DXJ,,0.61,-1.62%,-0.31%,-0.78%,-10.16%,11.02%,45.18,56.4,1.59%,0.07%,1.51%,2309409
264,EAF,,0.72,-1.85%,3.17%,3.17%,-9.10%,29.93%,,18.19,-0.87%,-1.19%,0.33%,892998
265,EAT,0.03,1.47,-1.72%,6.04%,20.00%,-7.38%,47.69%,51.83,43.57,-0.37%,-0.84%,0.48%,1355599
266,EBAY,1.25,0.77,0.76%,-2.27%,-1.13%,-18.41%,13.13%,50.4,38.34,1.64%,0.74%,0.90%,7805362
267,EC,1.35,0.76,-0.48%,2.76%,42.63%,-7.03%,152.18%,52.19,21.7,0.98%,0.56%,0.42%,1724586
268,ECYT,0.61,0.84,5.20%,26.01%,134.97%,-9.15%,1053.85%,60.28,13.5,-1.24%,-2.10%,0.88%,1028838
269,ED,0.06,1.1,-0.58%,-2.12%,-6.92%,-15.79%,2.99%,44.26,75.54,-1.55%,-1.47%,-0.08%,1590276
270,EDIT,,2.24,4.87%,7.27%,25.16%,-17.79%,180.38%,56.19,37.01,-3.42%,-4.49%,1.12%,1682593
271,EDR,0.42,0.94,10.56%,14.18%,9.21%,-7.10%,26.17%,78.77,37.94,3.83%,3.69%,0.14%,3915243
272,EEM,,0.65,-0.26%,-1.62%,-1.46%,-11.04%,13.28%,47.72,46.33,1.40%,0.59%,0.81%,66761217
273,EFA,,0.65,-1.34%,-0.66%,0.06%,-7.00%,8.43%,45.51,70,0.86%,0.11%,0.75%,39195781
274,EFV,,0.56,-2.54%,-2.23%,-2.10%,-9.37%,5.93%,39.46,53.99,0.86%,0.11%,0.75%,576807
275,EGHT,0.55,0.89,-9.71%,-4.60%,17.32%,-16.92%,85.92%,41.01,19.15,2.41%,2.96%,-0.53%,1491114
276,EGN,1.39,2.3,-4.38%,-1.12%,12.73%,-10.92%,38.89%,43.84,64.11,-5.50%,-5.73%,0.25%,1830451
277,EIDO,,0.56,4.30%,-0.79%,-5.61%,-15.93%,10.33%,55.5,25.73,0.82%,0.43%,0.39%,1598070
278,EIX,0.16,1.04,-1.98%,-3.58%,-12.54%,-27.03%,5.57%,37.97,60.84,-2.12%,-1.93%,-0.19%,2244779
279,EMR,1.19,1.41,-0.34%,2.49%,6.31%,-4.14%,24.36%,51.66,71.37,0.75%,-0.25%,1.00%,3483127
280,ENB,0.67,0.66,-3.84%,-2.10%,-15.26%,-27.37%,5.97%,42.96,30.73,-1.09%,-1.44%,0.35%,4706402
281,ENLK,2.12,0.5,9.47%,20.04%,13.28%,-4.57%,39.06%,75.57,17.73,3.68%,3.99%,-0.29%,943613
282,ENR,,1.64,4.89%,5.28%,18.55%,-6.11%,47.86%,58.53,60.09,-1.07%,-1.56%,0.49%,631522
283,ENTG,1.41,0.95,2.79%,3.07%,13.47%,-5.75%,65.56%,58.05,36.05,2.71%,1.69%,1.00%,798195
284,EPC,0.77,1.36,0.63%,-2.51%,-24.12%,-43.42%,11.77%,46.4,44.15,0.98%,0.59%,0.39%,625007
285,EPD,0.84,0.57,5.95%,11.90%,14.03%,1.16%,29.23%,78.3,29.38,1.66%,1.45%,0.21%,5461806
286,EQH,,0.62,0.22%,0.22%,0.22%,-2.09%,10.46%,,21.54,0.84%,0.19%,0.66%,3026086
287,EQR,0.39,1.05,3.42%,3.81%,0.53%,-9.40%,16.12%,62.27,63.83,-0.25%,-0.44%,0.19%,1981400
288,EQT,0.7,1.72,1.27%,4.89%,-7.42%,-23.48%,18.79%,55.24,51.91,0.72%,0.48%,0.23%,2696034
289,ERJ,0.14,0.88,-2.54%,-5.62%,2.57%,-15.29%,35.98%,43.65,24.16,0.42%,0.17%,0.25%,845041
290,ERX,,2.04,-0.94%,12.66%,24.04%,-12.51%,81.33%,54.51,38.75,1.52%,0.54%,0.97%,1749080
291,ES,0.32,0.92,-2.91%,-4.62%,-8.31%,-15.65%,0.89%,33.9,55.8,-2.24%,-1.50%,-0.75%,2536060
292,ESIO,0.94,0.78,3.58%,4.72%,8.23%,-27.31%,168.67%,57.06,20.15,2.70%,2.34%,0.36%,582585
293,ESNT,1.2,0.91,-0.78%,-5.16%,-16.17%,-30.23%,6.75%,40.92,34.94,1.87%,1.04%,0.82%,749218
294,ESPR,2.36,3.54,-4.45%,-34.86%,-36.12%,-54.04%,20.63%,33.78,38,-1.27%,-1.12%,-0.16%,1104528
295,ESRX,0.96,1.81,4.25%,5.87%,11.08%,-9.40%,38.12%,60.8,77.07,1.66%,1.27%,0.38%,2889728
296,ETFC,1.27,1.35,0.41%,6.80%,26.74%,-3.01%,87.53%,57.96,64.08,1.15%,0.09%,1.06%,2475108
297,ETN,1.35,1.49,-0.10%,-0.67%,-1.72%,-14.41%,10.14%,47.63,76.9,0.42%,-0.41%,0.84%,2043571
298,ETR,0.45,1.26,1.50%,1.13%,0.17%,-8.91%,11.34%,55.26,80.11,-0.99%,-0.71%,-0.28%,1598836
299,ETSY,,1.01,4.92%,7.40%,46.87%,-3.10%,141.01%,61.99,31.62,-2.23%,-2.71%,0.49%,2459603
300,EV,1.67,1.06,-3.12%,-2.08%,1.00%,-10.99%,20.40%,40.59,54.25,0.84%,-0.18%,1.02%,613730
301,EVH,,0.6,4.96%,17.92%,28.96%,-28.00%,92.23%,66.91,19.8,-3.18%,-3.88%,0.73%,2127571
302,EVHC,0.45,1.15,5.60%,11.69%,12.86%,-31.31%,84.94%,65.67,43.96,2.52%,2.09%,0.42%,3484469
303,EWBC,1.41,1.4,1.79%,7.83%,14.13%,-2.19%,34.56%,60.82,71.13,2.37%,0.62%,1.74%,789928
304,EWI,,0.62,-6.11%,-7.30%,-4.37%,-11.86%,11.33%,35.31,30.36,0.23%,-0.49%,0.73%,3956134
305,EWM,,0.73,-2.79%,-5.73%,-2.24%,-9.78%,5.67%,40.71,32.98,0.98%,0.37%,0.61%,960899
306,EWP,,0.53,-5.65%,-5.94%,-7.33%,-15.15%,4.22%,35.23,30.87,1.18%,-0.19%,1.38%,853590
307,EWW,,0.9,-3.83%,-9.72%,-12.85%,-22.21%,1.58%,32.79,44.98,0.67%,-0.40%,1.07%,3627431
308,EWY,,1.09,-0.21%,-0.92%,0.08%,-7.07%,11.74%,48.67,73.48,1.86%,0.57%,1.28%,3467432
309,EWZ,,1.11,-8.43%,-13.82%,-14.75%,-25.16%,9.51%,29.16,35.81,0.53%,-0.86%,1.40%,50081172
310,EXAS,0.86,2.42,13.93%,24.66%,21.34%,-6.38%,91.82%,75.22,59.54,0.00%,-1.26%,1.28%,2049736
311,EXC,0.19,0.66,1.38%,3.88%,5.12%,-3.94%,15.89%,60.02,40.99,-0.97%,-0.97%,0.00%,6910450
312,EXEL,2.1,0.94,-1.98%,-3.22%,-20.02%,-36.68%,12.77%,46.78,20.58,-0.72%,-1.25%,0.53%,3789876
313,EXPD,0.7,1.54,6.06%,13.62%,20.55%,-0.05%,42.12%,76.2,75.62,1.53%,0.79%,0.74%,1881657
314,EXR,0.25,1.53,2.94%,7.60%,14.22%,-0.75%,31.09%,67.77,96.61,0.37%,0.12%,0.25%,603648
315,EZU,,0.53,-2.51%,-2.27%,-1.64%,-8.72%,7.47%,41.17,43.02,0.66%,-0.30%,0.96%,6489199
316,FAF,0.83,0.87,-2.96%,-5.24%,-4.72%,-17.16%,21.21%,33.71,51.95,-0.25%,-0.80%,0.56%,955094
317,FAS,,2.34,-1.36%,1.44%,2.92%,-20.53%,52.49%,49.41,65.8,2.54%,0.08%,2.46%,2224555
318,FAST,0.99,1.19,2.82%,2.84%,5.93%,-8.69%,34.78%,58.78,53.63,0.75%,0.11%,0.64%,2649925
319,FBHS,1.37,1.22,0.78%,-0.85%,-10.73%,-22.85%,6.05%,49.64,56.8,1.12%,0.53%,0.59%,1071432
320,FCAU,,0.77,-3.71%,-3.69%,9.46%,-13.63%,106.87%,44.65,21.55,-7.23%,-5.48%,-1.85%,13194987
321,FCX,2.49,0.59,4.34%,0.72%,3.75%,-15.46%,54.93%,55.81,17.12,1.30%,-0.29%,1.60%,12800428
322,FE,0.28,0.53,1.20%,0.29%,4.79%,-3.82%,19.33%,54.94,34.2,-0.64%,-0.64%,0.00%,2755824
323,FET,1.9,0.59,-3.22%,8.90%,2.95%,-21.81%,39.80%,52.36,14.05,-0.71%,-1.40%,0.71%,1252515
324,FEYE,0.35,0.5,-2.77%,-4.65%,4.39%,-13.22%,25.37%,43.73,16.8,0.66%,0.00%,0.66%,3032283
325,FEZ,,0.52,-2.87%,-2.52%,-2.76%,-9.59%,4.74%,40.38,39.99,0.96%,-0.22%,1.19%,6156050
326,FHB,,0.62,3.89%,5.21%,2.87%,-8.53%,12.55%,64.97,29.6,1.09%,0.68%,0.41%,1158810
327,FII,1.27,0.67,-1.44%,-15.31%,-21.75%,-33.65%,1.41%,28.35,24.39,0.49%,-0.89%,1.40%,1508329
328,FISV,0.83,1.1,2.15%,2.79%,8.85%,-1.51%,22.52%,60.84,73.33,1.01%,0.44%,0.56%,1230626
329,FITB,1.28,0.81,-5.58%,-4.67%,0.91%,-11.28%,32.59%,39.11,30.76,0.59%,-0.42%,1.01%,5772068
330,FIVE,0.58,1.74,-1.27%,-1.55%,12.66%,-8.80%,61.15%,47.02,71.39,0.96%,0.85%,0.11%,1136527
331,FL,0.91,1.83,20.37%,22.61%,31.60%,-8.38%,92.47%,74.81,54.7,1.35%,1.09%,0.26%,2877199
332,FLIR,0.69,0.88,0.41%,3.89%,15.58%,-1.69%,61.21%,57.7,54.73,1.54%,0.81%,0.72%,696304
333,FLR,1.41,1.47,1.06%,-9.67%,-2.51%,-21.08%,32.31%,41.43,49,0.53%,-0.12%,0.66%,1671322
334,FLS,1.43,1.24,-7.79%,-8.23%,-4.36%,-17.44%,9.01%,36.01,40.89,-1.09%,-1.52%,0.44%,1666613
335,FMC,1.64,1.96,-0.72%,6.37%,0.50%,-10.57%,23.58%,55.44,88.27,1.35%,0.88%,0.47%,956953
336,FN,0.62,1.21,1.29%,9.93%,10.15%,-23.14%,50.46%,57.23,36.14,2.88%,2.64%,0.23%,557476
337,FND,,1.94,4.35%,-5.05%,9.68%,-16.73%,48.31%,49.11,48.53,3.26%,3.15%,0.11%,947972
338,FNF,0.77,0.68,-0.99%,-1.95%,-0.53%,-11.43%,23.25%,45.19,37.66,1.89%,1.35%,0.54%,867207
339,FNV,,1.14,-2.66%,-0.99%,-7.95%,-18.53%,5.92%,43.28,70.11,-0.62%,-0.47%,-0.16%,517995
340,FOLD,1.51,0.75,8.49%,13.00%,14.80%,-5.11%,108.72%,61.37,16.51,-2.31%,-3.11%,0.83%,1624860
341,FORM,1.34,0.52,7.95%,5.35%,-6.02%,-24.13%,27.48%,62.89,14.15,4.43%,3.66%,0.74%,522450
342,FOSL,0,1.11,26.08%,48.72%,120.44%,6.76%,330.91%,87.05,23.7,8.32%,7.83%,0.46%,1976673
343,FOX,,0.7,1.70%,4.35%,17.41%,-1.67%,57.49%,65.51,38.27,0.26%,0.03%,0.24%,2544262
344,FOXA,1.33,0.7,1.20%,3.82%,16.46%,-2.28%,55.42%,62.03,38.56,0.03%,-0.39%,0.42%,10364767
345,FR,0.92,0.54,4.24%,9.27%,8.54%,0.48%,20.32%,77.68,33.22,0.88%,0.64%,0.24%,910670
346,FRAC,,0.66,-10.09%,-8.73%,-9.08%,-28.49%,13.35%,34.4,14.18,-3.21%,-3.86%,0.68%,1847915
347,FSCT,,0.98,-2.56%,-5.83%,-0.44%,-20.53%,39.38%,40.68,30.05,-0.10%,-0.96%,0.86%,585020
348,FSLR,1.79,2.48,-5.47%,-7.33%,5.69%,-19.32%,86.61%,37.44,65.93,-2.48%,-3.13%,0.67%,2166134
349,FTI,,0.96,-2.08%,0.26%,7.91%,-9.03%,29.80%,49.42,31.84,2.22%,-0.96%,3.21%,4067731
350,FTNT,0.76,1.27,5.28%,9.51%,34.31%,-0.21%,74.94%,69.52,62,1.34%,0.71%,0.62%,1255396
351,FTR,0.64,0.57,-17.79%,-11.59%,-19.66%,-64.33%,23.19%,36.38,7.49,0.81%,0.94%,-0.13%,7905174
352,FTSI,,0.91,-8.89%,-5.54%,-5.67%,-18.98%,21.90%,38.3,18.31,-3.33%,-3.99%,0.69%,536779
353,FTV,,1.42,-2.04%,-1.93%,0.98%,-8.09%,18.95%,43.31,73.81,1.54%,0.53%,1.00%,1183307
354,FWONK,,0.99,3.23%,5.36%,-8.05%,-21.83%,13.36%,61.14,32.16,1.84%,1.58%,0.25%,2042041
355,FXI,,0.7,-0.24%,0.23%,0.83%,-12.44%,20.24%,50.52,47.28,1.24%,0.62%,0.62%,23839032
356,GBT,,2.2,5.69%,7.72%,15.01%,-26.89%,107.08%,61.17,49.75,3.32%,2.37%,0.93%,968949
357,GCP,,0.78,4.80%,6.83%,3.77%,-8.02%,17.43%,64.66,32,1.11%,0.63%,0.47%,550503
358,GDDY,,1.43,6.00%,13.11%,37.64%,1.02%,81.35%,78.15,73.61,2.82%,1.78%,1.02%,6105200
359,GDI,,1.02,-2.68%,1.18%,6.13%,-14.89%,62.43%,46.9,32.34,-1.61%,-2.00%,0.40%,672496
360,GDS,,1.97,5.11%,23.72%,71.67%,-11.22%,444.64%,59.14,37.58,-0.61%,-1.11%,0.50%,1486452
361,GDXJ,,0.5,-1.18%,-0.46%,-1.02%,-13.12%,9.92%,48.72,32.8,0.21%,0.28%,-0.06%,6071947
362,GEL,1.07,0.59,3.95%,7.01%,-2.15%,-31.21%,21.72%,61.75,22.42,2.09%,1.68%,0.41%,608049
363,GEO,1.32,0.55,3.05%,10.52%,4.49%,-25.15%,31.23%,65.32,25,0.81%,0.77%,0.04%,825577
364,GES,0.25,1.12,-17.33%,-13.34%,11.40%,-23.79%,79.55%,29.57,19.93,1.68%,0.61%,1.07%,2896126
365,GIII,0.25,1.48,10.38%,12.59%,27.05%,-2.79%,118.90%,70.99,42.16,0.62%,-0.17%,0.79%,732927
366,GILD,1.17,1.32,2.24%,-4.03%,-10.75%,-23.72%,7.12%,47.43,68.3,1.34%,1.01%,0.33%,5090204
367,GIS,0.76,0.77,0.55%,-2.48%,-18.01%,-29.81%,3.88%,46.84,42.6,0.73%,0.50%,0.24%,4185893
368,GLNG,0.71,1.63,-22.10%,-15.93%,-1.56%,-26.65%,34.94%,27.26,26.07,0.35%,0.12%,0.23%,5701875
369,GLW,1.33,0.52,2.18%,1.96%,-6.77%,-20.37%,7.05%,56.87,27.95,2.87%,2.46%,0.40%,7557672
370,GM,1.65,1.03,14.84%,15.16%,7.11%,-7.61%,30.71%,76.3,43.2,1.17%,0.51%,0.66%,24123966
371,GME,1.27,0.52,5.61%,2.91%,-19.37%,-40.24%,12.46%,58.32,13.72,3.94%,7.19%,-3.03%,25821929
372,GMED,0.46,1.24,8.79%,10.15%,35.70%,-0.62%,101.33%,74.83,55.95,0.72%,-0.76%,1.49%,636640
373,GOOS,,1.45,9.05%,16.21%,46.48%,0.50%,150.83%,73.34,42.54,1.17%,0.42%,0.74%,798861
374,GPC,1.19,1.56,0.31%,1.70%,-0.35%,-15.11%,14.54%,52.54,91.47,0.75%,0.48%,0.26%,502535
375,GPRE,1.33,0.74,3.83%,12.59%,14.65%,-12.24%,33.33%,61.57,20.8,-2.58%,-3.26%,0.70%,556876
376,GPS,0.81,1.13,-3.44%,-4.13%,-3.74%,-18.83%,37.77%,43.82,28.96,3.50%,3.17%,0.32%,6544138
377,GRA,1.17,1.32,1.63%,7.65%,3.70%,-5.89%,24.50%,63.32,72.81,1.70%,1.05%,0.64%,887872
378,GRMN,1.02,0.91,2.44%,3.46%,4.83%,-6.93%,23.27%,61.82,61.39,2.16%,1.49%,0.67%,974750
379,GSK,0.81,0.51,1.84%,2.51%,6.68%,-8.34%,18.05%,59.69,40.75,0.57%,0.37%,0.20%,1437782
380,GT,1.73,0.57,-3.79%,-6.93%,-19.10%,-33.08%,1.32%,32.66,24.44,0.04%,-1.21%,1.27%,3292316
381,GUSH,,3.06,1.48%,23.06%,48.34%,-17.09%,159.11%,56.32,38.97,-0.36%,-0.05%,-0.31%,1235263
382,GWRE,1.06,1.73,2.47%,8.60%,17.16%,-1.53%,46.45%,67.44,93.8,1.03%,0.43%,0.60%,551421
383,GXP,0.35,0.57,0.93%,3.43%,4.29%,-5.01%,15.88%,54,32.98,-2.83%,-2.25%,-0.59%,5613089
384,H,1.31,1.63,4.35%,7.31%,17.01%,1.40%,54.80%,68.82,84.18,3.00%,2.46%,0.53%,1100532
385,HAIN,1.09,0.85,-3.73%,-11.46%,-28.97%,-43.21%,1.73%,36.81,25.9,1.49%,0.97%,0.51%,970090
386,HAL,1.05,1.26,-6.15%,-2.99%,5.00%,-15.17%,28.55%,36.3,49.08,-1.33%,-1.84%,0.52%,9214058
387,HALO,1.83,0.63,-2.12%,-3.08%,2.52%,-13.45%,62.93%,46.4,18.59,1.03%,0.60%,0.43%,638689
388,HAS,0.86,1.36,-0.31%,0.88%,-5.60%,-25.05%,10.24%,50.27,87.09,0.39%,-0.15%,0.54%,994692
389,HCC,,1.16,6.48%,16.20%,49.33%,0.46%,283.53%,64.34,28.38,4.45%,3.50%,0.92%,1001531
390,HCLP,1.17,0.57,-4.76%,5.06%,18.24%,-12.46%,79.31%,47.88,13,-4.41%,-5.11%,0.74%,2015597
391,HCSG,0.81,0.85,-3.27%,-9.07%,-25.43%,-35.84%,2.91%,32.88,36.06,-0.25%,-1.21%,0.97%,1196211
392,HDP,1.39,0.67,0.43%,-1.69%,-2.68%,-18.91%,55.13%,50.89,17.84,0.34%,-0.34%,0.67%,967305
393,HDS,1.24,0.85,2.99%,5.52%,11.51%,-1.69%,42.15%,64.33,41.18,1.10%,0.51%,0.59%,1760887
394,HEAR,0.64,1.87,34.74%,143.48%,407.89%,-7.47%,1048.78%,74.76,18.84,8.28%,4.38%,3.74%,2890826
395,HEDJ,,0.59,-0.70%,1.97%,2.53%,-2.51%,9.39%,52.26,65.92,1.01%,-0.02%,1.03%,804840
396,HES,1.47,1.86,-0.29%,7.89%,27.30%,-6.21%,65.91%,56.13,61.8,2.28%,1.86%,0.41%,3788891
397,HFC,1.14,2.71,15.06%,33.38%,74.99%,1.82%,245.68%,79.16,81.65,5.79%,4.47%,1.27%,4856758
398,HGV,,0.85,1.45%,-3.45%,-1.73%,-15.33%,25.56%,48.68,40.43,1.69%,1.28%,0.40%,1313911
399,HIBB,0.8,1.4,-5.36%,-1.91%,27.71%,-11.86%,176.60%,44.33,26,-1.70%,-2.07%,0.38%,716101
400,HIG,0.92,0.97,-0.64%,0.40%,-3.70%,-11.33%,7.12%,48.23,52.49,0.31%,-0.78%,1.09%,1764703
401,HIW,0.79,0.81,5.48%,9.38%,0.55%,-9.22%,17.13%,73.84,48.42,1.23%,0.04%,1.19%,1107348
402,HLF,1.13,1.39,-5.55%,-1.97%,24.29%,-10.65%,67.02%,42.02,50.7,-0.14%,-0.26%,0.12%,1693148
403,HLT,1.31,1.54,0.37%,2.35%,7.94%,-6.20%,36.52%,54.65,82.65,2.40%,1.92%,0.47%,2495183
404,HOG,0.88,0.88,-1.97%,-2.62%,-12.97%,-28.57%,3.41%,38.97,40.68,-0.97%,-1.33%,0.37%,2578931
405,HOLX,0.86,0.84,-0.35%,0.15%,-3.11%,-18.59%,8.55%,47.95,38.1,0.55%,-0.13%,0.69%,2987148
406,HOME,,1.24,-2.92%,1.28%,22.88%,-7.82%,89.51%,47.2,34.87,0.75%,0.43%,0.32%,715312
407,HP,1.31,1.98,-6.65%,-6.41%,6.49%,-13.40%,54.10%,36.07,64.97,-2.12%,-2.68%,0.57%,2204313
408,HPP,0.72,0.58,3.83%,8.33%,7.94%,-1.52%,25.98%,71.57,35.59,0.54%,0.37%,0.17%,943459
409,HQY,1.41,1.86,4.58%,12.41%,40.28%,-2.57%,89.23%,65.83,76.09,2.40%,2.44%,-0.04%,863308
410,HRB,0.29,0.57,0.61%,3.88%,4.94%,-12.30%,18.21%,55.27,27.89,1.60%,1.01%,0.58%,1298519
411,HRG,1.53,0.62,6.98%,-5.41%,-17.06%,-34.45%,37.58%,51.92,12.96,2.21%,1.49%,0.71%,1504063
412,HRL,0.43,0.72,-0.58%,1.18%,5.64%,-5.82%,20.30%,47.49,35.79,-0.28%,-0.67%,0.39%,2327898
413,HRTX,1.85,1.42,7.22%,12.17%,59.46%,-0.44%,166.54%,64.25,33.85,3.83%,3.20%,0.61%,720275
414,HSBC,0.91,0.61,-1.47%,-0.53%,-2.21%,-12.74%,12.79%,45.86,48.77,0.81%,-0.14%,0.95%,1294240
415,HSC,2.67,0.88,8.37%,14.38%,28.54%,1.00%,72.35%,67.22,25.25,3.06%,2.02%,1.02%,616188
416,HSIC,1,1.68,-3.60%,-1.74%,-6.14%,-25.63%,11.14%,41.29,69.53,0.48%,-0.33%,0.81%,1046197
417,HSY,0.33,1.48,-2.11%,-4.54%,-13.47%,-22.42%,1.02%,32.71,90.01,-0.03%,-0.12%,0.09%,1183520
418,HTHT,1.71,1.57,11.78%,26.13%,34.92%,0.58%,143.35%,75.58,45.36,3.07%,1.93%,1.11%,2027196
419,HTZ,1.83,0.95,-14.09%,-23.15%,-28.93%,-45.10%,75.70%,31,14.97,-0.80%,-1.25%,0.46%,3538290
420,HUN,2.74,0.81,1.80%,5.60%,4.92%,-10.92%,39.06%,58.58,32.15,0.56%,-0.50%,1.06%,1869035
421,HUYA,,2.54,37.86%,37.86%,37.86%,6.87%,90.62%,,29.07,14.22%,11.81%,2.16%,4231045
422,HZNP,1.34,0.54,10.78%,16.11%,17.63%,0.79%,66.30%,74.46,16.63,2.02%,1.84%,0.18%,2041535
423,I,0.98,1.43,19.07%,70.30%,204.54%,-11.05%,596.03%,70.36,16.99,-4.82%,-0.53%,-4.31%,6066116
424,IART,0.65,1.47,0.01%,7.48%,21.51%,-1.96%,54.28%,59.6,64.04,-0.77%,-1.48%,0.71%,959899
425,IBKR,0.94,1.88,-6.42%,-1.46%,19.91%,-9.94%,108.11%,37.05,72.34,-0.60%,-1.58%,0.99%,841473
426,ICE,0.63,1.25,1.18%,0.09%,2.61%,-5.49%,19.96%,52.82,72.11,1.72%,0.68%,1.03%,2408270
427,ICHR,,1.24,4.99%,7.89%,0.30%,-26.08%,47.80%,59.76,26.25,5.51%,3.88%,1.57%,1348469
428,ICPT,-1.74,2.87,4.98%,8.01%,7.20%,-45.20%,45.54%,60.4,74.3,5.83%,5.45%,0.36%,1115078
429,IDTI,1.85,0.86,7.42%,9.67%,13.75%,-0.97%,46.60%,67.85,33.82,1.74%,0.74%,0.99%,2416705
430,IEFA,,0.6,-1.29%,-0.65%,0.44%,-6.75%,9.59%,45.54,66.06,0.66%,0.03%,0.62%,9835980
431,IEMG,,0.75,-0.20%,-1.52%,-1.08%,-10.46%,13.57%,47.79,56.14,1.10%,0.39%,0.70%,11744741
432,IEV,,0.5,-1.84%,-1.29%,-0.90%,-8.05%,6.21%,43.76,46.72,0.82%,-0.04%,0.86%,613607
433,IGT,,0.98,-9.97%,-7.60%,-2.30%,-18.03%,46.71%,35.76,25.41,1.07%,0.55%,0.52%,4090816
434,IIVI,0.16,1.48,2.87%,7.02%,7.42%,-13.42%,52.40%,60.19,45.95,4.55%,4.20%,0.34%,853619
435,IJR,,0.93,2.36%,5.10%,9.54%,-0.61%,24.93%,67.43,83.41,0.69%,0.00%,0.69%,3803493
436,ILF,,0.74,-7.36%,-12.09%,-11.43%,-20.36%,7.77%,27.86,31.49,0.32%,-0.76%,1.08%,4854688
437,ILG,1.46,0.63,1.81%,5.02%,14.93%,-1.34%,41.63%,62.71,34.53,0.85%,2.49%,-1.61%,970396
438,IMAX,0.81,0.73,-8.28%,-5.14%,-4.68%,-21.87%,18.92%,33.74,20.9,0.00%,-0.24%,0.24%,641601
439,IMGN,2.14,0.57,9.71%,8.38%,38.01%,-14.02%,170.66%,62.62,11.53,0.61%,-0.52%,1.13%,3072278
440,IMMR,1.22,0.52,17.03%,24.67%,64.02%,-1.56%,162.50%,78.3,15.12,-0.33%,-0.72%,0.40%,528250
441,IMMU,1.49,0.99,12.34%,28.61%,57.21%,-2.03%,216.74%,72.21,22.71,2.95%,1.98%,0.95%,2200961
442,INCY,0.73,1.87,2.86%,-3.04%,-28.67%,-51.53%,12.76%,47.53,67.91,-0.53%,-0.90%,0.38%,2119118
443,INFO,0.78,0.77,-1.96%,0.57%,6.46%,-5.49%,17.26%,45.52,49.72,0.89%,0.51%,0.39%,1827006
444,INSM,0.99,1.27,5.36%,15.16%,8.19%,-16.00%,148.13%,64.82,28.51,2.33%,1.60%,0.72%,628305
445,INT,0.91,0.86,-3.30%,-10.36%,-24.30%,-46.91%,3.50%,40.27,21.32,2.11%,1.38%,0.72%,782642
446,INTC,0.95,1.31,4.91%,8.52%,25.34%,1.57%,71.77%,66.75,57.08,3.41%,2.22%,1.16%,31139795
447,IONS,2.47,1.99,5.27%,3.99%,-8.52%,-28.85%,19.30%,57.86,46.61,-0.09%,-0.89%,0.81%,911363
448,IOVA,5.47,0.8,-6.79%,-5.90%,26.62%,-26.88%,226.97%,40.43,14.55,-0.34%,-1.69%,1.37%,653652
449,IP,1.53,1.24,2.87%,4.20%,-1.86%,-17.48%,10.48%,58.5,55.24,3.25%,0.29%,2.95%,3479330
450,IQ,,1.59,37.10%,49.19%,49.19%,7.60%,86.01%,81.71,28.46,12.49%,10.31%,1.98%,21638272
451,IR,1.36,1.72,-0.78%,2.16%,0.19%,-9.62%,10.85%,50.11,88.27,0.83%,-0.17%,1.01%,994676
452,IRBT,1.09,1.77,2.43%,0.93%,-13.68%,-41.95%,14.27%,53.17,63.73,2.12%,1.45%,0.66%,619716
453,IRDM,1.86,0.63,28.71%,31.72%,37.46%,4.25%,64.86%,86.88,15.95,4.93%,3.91%,0.99%,8319780
454,IRM,0.85,0.62,2.18%,2.18%,-6.75%,-18.25%,10.30%,58.78,33.95,1.98%,1.80%,0.18%,1245736
455,IRWD,1.09,0.78,2.38%,7.70%,16.73%,-7.87%,42.51%,57.87,18.37,-1.13%,-1.29%,0.16%,966147
456,ITB,,0.75,0.24%,-0.92%,-2.27%,-17.01%,19.55%,48.43,38.64,0.42%,-0.13%,0.55%,830382
457,ITOT,,0.64,1.26%,2.79%,4.37%,-3.65%,14.62%,59.88,63.01,1.06%,0.41%,0.64%,846646
458,ITT,1.56,1.24,0.47%,3.81%,6.62%,-7.90%,40.92%,54.67,53.07,2.81%,1.80%,0.99%,763713
459,IVZ,1.66,0.62,-1.75%,-6.94%,-17.77%,-27.87%,2.93%,37.67,27.72,1.46%,0.07%,1.39%,2580045
460,IYE,,0.75,0.09%,5.13%,9.89%,-3.93%,24.72%,56.59,42.03,0.36%,-0.10%,0.45%,523874
461,IYR,,0.86,2.12%,3.72%,0.16%,-5.78%,10.10%,65.26,78.46,0.35%,0.36%,-0.01%,9777839
462,JACK,0.4,2.15,-6.33%,-7.26%,-14.39%,-27.03%,1.50%,36.05,80.42,-0.31%,-0.77%,0.46%,527764
463,JAG,,0.57,-14.64%,-16.44%,-17.04%,-31.90%,0.18%,28.41,11.27,-6.47%,-5.69%,-0.83%,5170486
464,JCI,0.85,0.8,-5.22%,-3.34%,-10.93%,-23.98%,2.55%,38.33,33.73,0.51%,-0.12%,0.63%,4280766
465,JD,1.59,0.99,-1.57%,-5.60%,-12.55%,-28.79%,3.83%,44.32,36.09,2.59%,1.46%,1.11%,12403967
466,JDST,,2.19,3.35%,0.18%,-8.68%,-40.19%,23.22%,50.63,50.4,-0.34%,-0.51%,0.18%,793938
467,JEC,1.48,1.24,4.58%,8.46%,7.04%,-9.38%,32.65%,69.56,65.41,0.94%,0.18%,0.76%,1027048
468,JELD,,0.94,-4.57%,-7.73%,-20.85%,-35.84%,3.04%,38.03,27.12,-0.91%,-1.81%,0.91%,766184
469,JHG,,0.69,-4.17%,-3.78%,-11.55%,-25.34%,1.50%,39.52,31.09,0.65%,0.29%,0.36%,717165
470,JNCE,,1.29,-23.45%,-39.07%,-36.44%,-61.61%,10.04%,33.98,11.23,-0.18%,-0.18%,0.00%,777594
471,JNUG,,0.63,-4.22%,-3.33%,-13.53%,-45.81%,23.10%,47.2,13.96,0.58%,1.16%,-0.58%,7605019
472,JWN,0.79,1.43,1.96%,2.34%,6.08%,-8.17%,31.22%,53.92,49.59,1.14%,1.04%,0.10%,1329704
473,K,0.51,1.38,3.33%,2.61%,-1.88%,-14.07%,13.17%,55.65,63.83,-0.87%,-1.04%,0.17%,2395948
474,KAR,1.1,0.84,-0.59%,-0.66%,4.91%,-6.41%,31.88%,47.41,53.11,0.64%,0.32%,0.32%,1221439
475,KBE,,0.82,-0.21%,1.73%,4.88%,-5.08%,24.63%,51.13,49.36,1.27%,-0.24%,1.52%,1882570
476,KBH,1.42,0.81,-0.28%,-3.60%,-5.61%,-31.96%,27.66%,45.87,26.4,0.23%,-0.68%,0.91%,1139616
477,KBR,1.12,0.55,6.92%,9.34%,3.06%,-15.00%,36.69%,65.72,18.44,0.11%,-0.86%,0.98%,925328
478,KBWB,,0.96,-1.21%,0.06%,2.44%,-7.93%,21.64%,47.46,55.59,1.46%,0.16%,1.30%,2262461
479,KEM,3.75,0.74,6.32%,10.61%,8.17%,-24.68%,75.62%,63.81,20.6,3.10%,2.64%,0.45%,1581928
480,KEYS,1.08,1.45,11.81%,12.96%,29.23%,-4.17%,67.91%,82.11,59.81,1.82%,0.66%,1.16%,3214233
481,KHC,,1.31,-0.46%,-2.28%,-20.66%,-38.59%,6.54%,47.2,57.65,0.30%,0.02%,0.28%,4745053
482,KKR,1.59,0.57,0.46%,5.19%,7.88%,-8.27%,25.11%,57.26,22.47,1.08%,0.54%,0.54%,1446459
483,KL,,0.63,-0.89%,8.29%,26.06%,-5.19%,152.88%,56.51,18.8,2.34%,2.56%,-0.22%,502568
484,KLIC,1.22,0.75,4.22%,-0.95%,2.50%,-17.35%,30.24%,55.48,23.73,-1.45%,-1.94%,0.50%,1201178
485,KMT,2.02,1.14,-4.39%,-5.18%,-11.97%,-29.00%,15.70%,40.04,37.29,0.16%,-0.67%,0.83%,963712
486,KMX,1.56,1.47,6.44%,10.72%,3.83%,-9.98%,22.51%,69.98,69.89,1.41%,0.60%,0.80%,1473321
487,KNX,1.69,1.14,3.82%,-1.71%,-2.81%,-19.85%,26.31%,53.94,41.63,2.34%,1.64%,0.69%,3237809
488,KO,0.74,0.57,2.10%,0.30%,-4.13%,-11.30%,4.03%,56.81,43.12,0.28%,0.05%,0.23%,10655972
489,KORS,0.08,2.35,-6.80%,-7.46%,3.35%,-14.51%,84.12%,38.53,59.84,4.27%,3.89%,0.37%,7311174
490,KR,1.03,0.56,-0.53%,0.49%,-0.08%,-22.36%,24.02%,47.26,24.42,0.37%,0.37%,0.00%,8349246
491,KRE,,1.07,0.34%,3.07%,8.00%,-2.67%,29.47%,54.16,63.84,1.04%,0.03%,1.01%,5834345
492,KSS,1.28,2.21,8.05%,8.83%,26.02%,-1.60%,94.45%,62.12,68.37,2.43%,2.20%,0.22%,2720160
493,KWEB,,1.13,4.30%,4.70%,5.24%,-7.50%,35.75%,65.91,63.26,2.78%,2.08%,0.68%,933504
494,L,0.67,0.75,-3.05%,-2.92%,-1.04%,-8.23%,9.26%,39.12,49.18,0.63%,-0.43%,1.06%,1369369
495,LABD,,1.82,-16.45%,-24.09%,-40.74%,-76.41%,-2.29%,31.01,25.24,-3.74%,-2.62%,-1.14%,2053535
496,LAZ,1.81,1.37,-4.83%,-3.23%,3.55%,-11.87%,30.56%,37.87,51.61,0.33%,-0.69%,1.03%,705354
497,LB,0.76,1.23,1.41%,-3.10%,-21.32%,-45.21%,12.61%,48.02,34.57,1.95%,1.83%,0.12%,4326027
498,LBRDK,,1.77,-3.69%,-11.39%,-22.18%,-34.36%,0.10%,29.73,68.7,-0.25%,-0.84%,0.60%,1136273
499,LBRT,,1.08,-6.55%,1.72%,0.91%,-16.03%,25.44%,43.91,20.07,-5.60%,-6.13%,0.56%,921941
500,LBTYA,1.6,0.96,-1.17%,-4.74%,-10.00%,-25.98%,5.11%,46.88,29.41,3.16%,2.40%,0.74%,2023777
501,LBTYK,,0.94,-1.83%,-5.01%,-9.93%,-24.93%,5.10%,45.88,28.42,2.67%,2.16%,0.51%,2128287
502,LDOS,1.61,1.16,-0.41%,-4.50%,-3.38%,-13.22%,19.43%,44.2,60.84,1.30%,0.71%,0.58%,579146
503,LEG,0.91,0.78,-0.57%,-3.09%,-9.13%,-23.18%,4.75%,42.54,41.45,0.36%,-0.14%,0.51%,1188582
504,LEN,1.25,1.41,-2.23%,-7.05%,-10.48%,-28.47%,6.05%,38.2,51.62,-0.23%,-0.73%,0.50%,3820972
505,LGCY,1.97,0.81,-17.78%,-3.13%,96.08%,-46.39%,428.04%,45.24,5.65,-0.53%,-0.53%,0.00%,554977
506,LGF-A,1.1,0.79,1.52%,-4.24%,-19.29%,-34.79%,10.45%,48.6,23.79,2.68%,1.80%,0.86%,1122061
507,LHO,1.19,0.56,8.90%,15.66%,21.70%,1.54%,45.35%,81.81,35.03,2.13%,2.04%,0.09%,4040826
508,LITE,,2.48,-1.59%,0.32%,7.16%,-17.61%,46.13%,49.81,61.3,4.34%,3.03%,1.28%,1625383
509,LKQ,0.99,0.9,4.70%,-7.02%,-14.71%,-27.20%,7.87%,51.28,31.93,0.50%,-0.06%,0.57%,3543768
510,LLY,0.28,1.3,4.09%,6.28%,3.41%,-4.76%,15.14%,68.59,84.85,-0.22%,-0.41%,0.19%,4056773
511,LM,2.01,0.8,-2.86%,-3.44%,-4.82%,-20.18%,3.81%,38.48,37.62,0.94%,-0.13%,1.07%,1054801
512,LNC,1.91,1.66,-1.28%,-3.64%,-9.14%,-22.27%,6.41%,44.13,67.38,1.64%,-0.35%,2.01%,1326140
513,LNG,1.57,1.86,5.19%,12.63%,27.24%,-3.00%,63.53%,68.54,66,-0.93%,-1.55%,0.63%,3257130
514,LNT,0.3,0.62,-1.72%,-1.65%,-2.56%,-10.80%,10.29%,42.08,40.63,-1.91%,-1.62%,-0.29%,1415365
515,LOW,1.34,2.37,8.23%,10.49%,11.21%,-12.07%,35.43%,65.91,95.83,0.86%,0.41%,0.45%,4700561
516,LPI,1.13,0.55,-10.73%,-10.89%,-18.38%,-36.85%,14.71%,39.06,8.5,-8.41%,-7.51%,-0.97%,7556873
517,LPLA,1.61,1.71,1.07%,9.77%,22.29%,-4.78%,79.89%,59.4,69.78,1.47%,0.66%,0.80%,870353
518,LPT,0.79,0.66,4.54%,9.39%,7.43%,-1.04%,18.96%,76.45,44.93,1.63%,1.35%,0.27%,1393700
519,LPX,1.6,0.7,5.63%,3.11%,7.17%,-4.39%,34.20%,60.54,29.82,2.19%,1.39%,0.79%,1722222
520,LSXMK,,0.82,3.67%,9.04%,10.02%,-0.79%,20.20%,71.61,46.3,0.24%,-0.09%,0.32%,661505
521,LTRPA,1.61,0.62,27.26%,40.54%,42.46%,6.10%,98.10%,83.71,15.65,6.83%,5.74%,1.02%,910242
522,LUV,1.15,1.22,-1.83%,-5.31%,-10.81%,-23.92%,2.41%,41.03,50.96,-0.23%,-0.47%,0.23%,5482694
523,LVS,1.71,1.32,2.73%,7.82%,15.22%,-0.51%,36.02%,72.33,80.47,-0.17%,1.23%,-1.39%,4073547
524,LW,,1.01,-3.04%,0.76%,15.83%,-6.68%,50.56%,44.41,64.11,0.56%,-0.02%,0.58%,799261
525,LXRX,0.48,0.56,26.65%,38.65%,19.47%,-31.78%,60.10%,80.74,12.28,5.86%,5.32%,0.52%,1431572
526,LYV,0.98,1.05,0.10%,5.71%,1.78%,-11.28%,28.75%,56.63,43.57,2.21%,1.89%,0.30%,900489
527,M,0.76,1.21,9.93%,15.87%,40.34%,-1.22%,104.31%,67.44,35.56,1.86%,1.46%,0.40%,4880740
528,MAA,0.34,1.7,3.66%,3.94%,-3.09%,-14.78%,11.03%,63.21,94.55,1.06%,0.89%,0.17%,748467
529,MAC,0.85,1.2,-1.01%,-2.21%,-5.89%,-20.39%,6.50%,44.79,55.51,-0.22%,-0.41%,0.20%,828777
530,MAN,1.33,2.04,-3.19%,-11.93%,-22.33%,-33.36%,1.40%,33.81,91.25,1.39%,0.35%,1.03%,514399
531,MANH,1.24,0.98,-0.75%,1.61%,-2.51%,-19.76%,11.25%,50.96,43.5,-0.05%,-0.55%,0.51%,800483
532,MAS,1.49,0.87,-0.36%,-3.42%,-6.78%,-18.98%,5.14%,46.28,37.63,0.97%,0.24%,0.72%,2603067
533,MBFI,1.06,1.21,7.82%,14.03%,13.84%,-3.25%,29.71%,67.22,49.66,0.55%,-0.46%,1.01%,762844
534,MCHI,,1.01,1.44%,2.49%,3.75%,-8.93%,30.51%,57.94,69.87,1.51%,0.95%,0.55%,4120622
535,MD,0.24,1.22,-2.48%,-9.62%,-8.12%,-28.22%,11.56%,30.57,45.25,-1.31%,-1.82%,0.52%,942153
536,MDB,,1.9,9.24%,14.10%,38.26%,-1.84%,88.95%,67.19,46.52,-1.29%,-1.32%,0.02%,945087
537,MDCO,0.7,1.06,11.10%,12.31%,9.85%,-20.28%,42.78%,69.51,34.91,3.10%,2.68%,0.41%,1874966
538,MDLZ,0.91,0.65,0.94%,-1.69%,-5.64%,-16.24%,5.72%,48.17,39.56,0.74%,0.46%,0.28%,9287002
539,MDP,1.38,1.39,0.20%,-3.06%,-12.43%,-30.73%,5.48%,47.51,50.05,-0.60%,-1.38%,0.79%,593302
540,MDR,1.9,0.86,1.97%,9.18%,3.69%,-19.51%,35.69%,56.93,21.9,0.78%,0.23%,0.55%,2146423
541,MDSO,1.51,1.82,3.62%,11.41%,12.11%,-7.94%,32.72%,69.9,79.1,2.51%,1.74%,0.76%,766592
542,MDT,0.94,1.69,3.56%,7.71%,7.98%,-2.11%,14.95%,65.72,87.83,1.75%,1.13%,0.61%,5383579
543,MDXG,1.53,0.64,1.82%,6.57%,-30.66%,-56.55%,31.07%,51.82,7.93,-5.82%,-6.71%,0.95%,2452063
544,MET,1.18,1.06,-0.83%,-0.17%,-5.69%,-16.54%,7.56%,48.22,46.66,1.46%,-0.19%,1.65%,4324067
545,MGA,1.33,1.19,0.95%,6.63%,15.71%,-4.49%,49.24%,58.24,64.44,0.58%,0.03%,0.55%,1166389
546,MGM,1.4,0.87,-0.34%,-4.75%,-4.58%,-17.24%,7.65%,46.02,31.79,1.08%,1.21%,-0.13%,7222318
547,MIC,1.23,0.89,2.30%,2.46%,-32.82%,-50.96%,7.71%,58.2,38.99,0.75%,0.49%,0.26%,1737662
548,MIDD,1.72,3.25,-8.69%,-16.04%,-19.51%,-28.31%,-0.05%,24.77,99.57,-0.05%,-0.02%,-0.03%,906971
549,MIK,1.22,0.5,-0.45%,-1.67%,-12.77%,-33.01%,8.23%,46.33,18.67,1.69%,1.19%,0.49%,1199422
550,MLCO,1.57,0.86,1.49%,5.35%,19.94%,-1.94%,65.18%,58.17,32.31,-1.07%,1.89%,-2.91%,2457085
551,MMC,0.94,1.13,-0.77%,-1.57%,-2.15%,-7.06%,5.02%,44.83,80.43,0.07%,-0.81%,0.90%,1307482
552,MMP,0.72,1.23,1.93%,8.05%,4.01%,-7.53%,27.89%,71.12,70.11,0.30%,0.30%,0.00%,786999
553,MNK,1.2,0.68,12.62%,18.05%,-26.14%,-65.29%,46.35%,69.52,17.05,1.19%,0.65%,0.53%,1583428
554,MNST,1.23,1.48,2.54%,-4.36%,-12.05%,-26.65%,8.17%,50.34,51.5,0.66%,-0.12%,0.78%,2915388
555,MO,0.66,0.89,0.19%,-4.65%,-13.27%,-28.37%,3.36%,42.8,55.72,-0.04%,-0.34%,0.30%,4673993
556,MOH,1.16,2.36,0.31%,2.73%,12.43%,-9.36%,50.30%,52.03,85.18,0.29%,-0.85%,1.15%,1888440
557,MOMO,1.66,2.14,26.85%,32.34%,50.48%,6.23%,120.54%,78.66,49.6,8.01%,7.03%,0.91%,11642179
558,MOS,1.25,0.66,0.81%,5.82%,13.81%,-5.27%,43.84%,56.61,27.66,0.62%,-0.22%,0.84%,3480680
559,MPC,1.36,2.63,5.07%,7.19%,24.97%,-1.62%,66.17%,62.57,81.92,3.66%,2.68%,0.95%,6979899
560,MPLX,1.24,0.79,1.64%,5.12%,2.90%,-8.35%,16.87%,58.83,36.09,0.50%,0.47%,0.03%,1001853
561,MRK,0.78,1.07,3.17%,5.38%,3.34%,-8.81%,14.63%,64.33,60.56,1.73%,1.12%,0.60%,11011521
562,MRO,2.34,0.67,2.33%,15.10%,36.17%,-2.71%,103.98%,65.09,21.52,0.42%,0.51%,-0.09%,12891087
563,MRVL,0.98,0.68,2.75%,3.98%,6.43%,-11.95%,49.09%,57.09,22.17,2.92%,1.23%,1.67%,10517090
564,MS,1.49,1.26,-4.11%,-4.02%,-1.31%,-13.76%,22.66%,41.37,51.21,2.13%,0.55%,1.58%,9963356
565,MT,2.81,0.88,-4.12%,-1.01%,5.29%,-11.89%,68.64%,46.62,33.04,2.61%,0.61%,1.99%,4589238
566,MTCH,,1.98,8.37%,0.65%,28.13%,-12.48%,156.97%,56.73,42.58,3.48%,2.95%,0.51%,1854501
567,MTDR,1.14,1.35,-17.27%,-15.52%,-8.01%,-25.04%,31.15%,28.4,26.4,-5.95%,-5.95%,0.00%,3859049
568,MTOR,2.49,0.67,-0.67%,0.82%,-9.83%,-28.74%,38.40%,49.96,21.05,1.45%,0.38%,1.06%,656988
569,MTSI,1.71,0.97,5.36%,21.57%,-22.57%,-64.05%,53.43%,68.51,23.72,5.19%,4.13%,1.02%,1091015
570,MTZ,1.54,1.35,-0.36%,2.10%,2.84%,-13.73%,24.74%,50.6,47.9,2.68%,1.81%,0.86%,822466
571,MU,1.36,2.6,6.95%,11.62%,30.92%,-9.16%,118.77%,57.48,58.74,2.00%,-0.12%,2.12%,74525019
572,MUR,2.31,1.01,3.60%,8.73%,12.78%,-10.13%,42.28%,59.69,31.6,2.76%,2.46%,0.29%,2726427
573,MXIM,1.19,1.09,3.82%,4.36%,10.58%,-19.82%,38.38%,64.17,60.09,2.46%,1.49%,0.95%,1380389
574,MYGN,0.56,1.32,15.57%,27.09%,20.00%,-5.05%,97.25%,77.14,39.47,8.11%,6.76%,1.26%,1125740
575,MYL,1.34,1.1,1.42%,-1.34%,0.47%,-18.78%,32.15%,49.02,38.84,0.99%,0.05%,0.94%,4982226
576,NAV,2.5,1.16,2.15%,6.16%,-1.22%,-18.46%,55.31%,57.07,38.92,3.95%,0.57%,3.37%,731490
577,NBIX,0.35,2.79,8.68%,17.15%,32.00%,1.04%,135.85%,74.48,98.49,2.32%,2.08%,0.23%,529602
578,NBL,1.04,0.98,1.12%,7.67%,22.14%,-5.36%,55.10%,57.81,35.65,-0.14%,-0.11%,-0.03%,4208708
579,NCLH,1.26,1.1,1.90%,0.24%,-4.16%,-13.50%,7.39%,52.67,53.18,1.60%,1.20%,0.40%,1714228
580,NCR,1.82,0.8,0.27%,-1.92%,-9.87%,-30.32%,15.88%,47.68,30.13,0.10%,-1.08%,1.20%,841237
581,NDAQ,0.66,1.48,1.73%,4.96%,15.03%,-2.37%,36.69%,60.03,92.09,0.25%,-0.59%,0.85%,1598551
582,NEM,0.29,0.67,-2.47%,-2.85%,1.25%,-8.09%,22.98%,42.12,38.64,-0.74%,-0.64%,-0.10%,4130925
583,NFX,1.49,1.11,4.77%,10.10%,5.24%,-14.91%,31.82%,61.75,29.95,2.43%,1.87%,0.55%,3670043
584,NGG,0.45,0.84,-4.20%,-3.25%,-5.50%,-18.68%,8.05%,34.98,55.58,-0.41%,-0.73%,0.32%,647140
585,NGL,0.95,0.56,5.82%,2.52%,-4.62%,-34.28%,35.28%,58.25,11.6,8.41%,5.45%,2.80%,2169776
586,NKE,0.66,1.25,3.76%,6.70%,17.63%,-0.99%,44.51%,63.65,72.76,1.34%,0.89%,0.45%,4085554
587,NKTR,1.79,5.02,11.99%,0.63%,48.51%,-18.87%,415.99%,58.43,90.35,12.56%,13.69%,-1.00%,4322264
588,NLSN,0.96,0.61,-2.04%,-5.56%,-16.82%,-31.60%,1.08%,40.43,29.83,-1.13%,-1.32%,0.20%,2086559
589,NNN,0.3,0.66,2.50%,5.18%,1.63%,-6.36%,13.41%,62.03,41.11,-0.77%,-0.58%,-0.19%,1014996
590,NOV,0.82,1.03,1.32%,6.59%,17.12%,-7.17%,39.97%,57.67,41.85,1.04%,0.31%,0.72%,2364327
591,NRG,0.95,0.78,0.04%,6.17%,21.09%,-3.58%,112.60%,56.55,33.91,-0.93%,-0.76%,-0.18%,3552385
592,NS,1.54,0.78,13.25%,18.44%,-14.25%,-47.07%,32.19%,75.66,25.4,3.93%,3.89%,0.04%,972437
593,NTAP,1.24,1.79,0.96%,4.43%,25.36%,-4.31%,86.24%,59.57,69.71,2.03%,2.39%,-0.35%,3140448
594,NTCT,1.51,0.73,-2.49%,-1.23%,-8.42%,-30.10%,15.33%,40.54,26.7,-1.11%,-1.11%,0.00%,2328279
595,NTLA,,1.39,4.67%,12.10%,10.12%,-29.29%,123.25%,56.99,25.45,-6.09%,-7.01%,1.00%,842197
596,NTNX,,2.44,1.10%,6.18%,53.72%,-5.47%,240.87%,56.4,56.72,6.12%,5.35%,0.73%,3195749
597,NTR,,1.02,1.69%,6.00%,3.12%,-9.65%,25.61%,59.35,50.76,0.22%,0.08%,0.14%,1286267
598,NTRI,1.15,1.45,9.93%,20.43%,-16.25%,-45.55%,42.01%,72.52,37,-0.80%,-1.20%,0.40%,773621
599,NUE,1.58,1.55,3.18%,5.03%,7.54%,-6.64%,27.35%,60.76,65.8,2.51%,-0.35%,2.87%,2665867
600,NUGT,,1.01,-2.49%,-2.27%,-14.95%,-43.18%,17.74%,48,25.02,-0.79%,0.12%,-0.91%,3294193
601,NUVA,0.36,1.36,3.13%,-0.74%,-5.58%,-37.13%,15.08%,54.39,51.35,0.18%,-0.14%,0.31%,518439
602,NVCR,,0.97,8.23%,25.08%,47.91%,0.16%,156.63%,79.89,31.95,1.59%,1.75%,-0.16%,705394
603,NVO,0.69,0.74,-0.92%,-1.35%,-4.84%,-18.06%,16.57%,47.09,47.83,0.61%,-0.31%,0.93%,760218
604,NVS,0.78,0.95,-1.43%,-3.54%,-9.11%,-19.74%,2.01%,40.87,75.6,1.45%,0.40%,1.05%,1505276
605,NVT,,1.05,4.96%,7.75%,7.75%,-3.80%,27.62%,,26.8,-1.03%,-1.33%,0.30%,1308030
606,NWL,0.75,0.78,-12.09%,-11.94%,-29.24%,-58.02%,-1.24%,25.32,23.12,-1.95%,-1.99%,0.04%,13849689
607,NYT,1.7,0.6,-0.31%,-0.07%,10.05%,-10.51%,35.69%,49.03,23,1.10%,0.44%,0.66%,1980406
608,O,0.22,231455598.5,0.89%,2.89%,-1.82%,-11.67%,12.25%,100,53.04,-0.49%,-0.69%,0.21%,2069683
609,OAS,2.1,0.52,8.61%,27.55%,45.37%,-1.49%,97.16%,73.1,13.19,1.23%,1.46%,-0.23%,16087604
610,OC,1.07,1.82,-4.69%,-14.18%,-22.70%,-35.55%,0.37%,26.84,62.21,-1.60%,0.78%,-2.36%,1849278
611,OGE,0.7,0.53,1.01%,4.08%,1.60%,-7.88%,16.19%,58.13,34.38,-1.83%,-1.88%,0.06%,1578663
612,OHI,0.39,0.51,5.45%,11.42%,7.05%,-12.80%,22.01%,72.22,30.38,-0.88%,-0.75%,-0.13%,2513580
613,OIH,,0.67,-3.67%,1.91%,6.60%,-9.39%,24.70%,46.59,27.06,-0.33%,-0.40%,0.07%,5620124
614,OII,1.39,0.83,1.45%,11.60%,10.30%,-12.17%,38.34%,59.45,23.67,-0.67%,-0.96%,0.29%,1317960
615,OIS,1.67,1.18,-3.50%,7.58%,28.08%,-9.63%,74.04%,50.8,35.2,-0.56%,-0.98%,0.42%,1414469
616,OKE,1.28,1.19,4.03%,11.55%,20.92%,-0.54%,45.33%,78.96,68.51,0.51%,0.23%,0.28%,1745130
617,OKTA,,1.81,15.02%,29.47%,72.77%,0.76%,166.50%,81.03,57.35,2.03%,1.47%,0.55%,6672859
618,OLED,1.35,4.77,1.47%,1.40%,-27.55%,-52.37%,14.62%,52.73,99.55,0.56%,0.15%,0.40%,1611898
619,OLLI,,1.46,4.34%,10.93%,32.16%,-1.60%,83.49%,69.1,70.55,-0.21%,-1.19%,0.99%,833860
620,OLN,1.44,0.81,-2.01%,3.11%,-4.04%,-17.05%,15.94%,49.36,32.22,-0.34%,-1.38%,1.05%,1935906
621,OMC,1.15,1.35,-1.97%,-1.27%,-1.66%,-15.41%,10.64%,45.1,72.27,0.26%,0.06%,0.21%,1908471
622,ON,2.04,0.77,7.62%,6.91%,18.60%,-4.98%,88.64%,65.61,25.75,2.47%,1.06%,1.39%,7433482
623,ONCE,2.51,3.39,5.63%,9.29%,15.01%,-12.23%,96.13%,60.88,80.53,0.93%,-0.06%,0.99%,519327
624,ORBK,0.62,1.16,3.27%,5.04%,24.02%,-2.25%,99.29%,66.01,64.27,0.36%,-0.03%,0.39%,542176
625,ORCL,1.14,0.73,1.80%,2.77%,-2.79%,-11.46%,8.25%,57.64,47.35,1.35%,0.57%,0.77%,10838178
626,OSK,1.59,2.08,-1.88%,-3.06%,-10.49%,-26.37%,17.01%,44.05,73.82,1.47%,0.46%,1.00%,837186
627,OSTK,1.65,2.05,-7.11%,-8.94%,-25.83%,-62.14%,144.60%,41.16,34,1.72%,1.19%,0.52%,896927
628,OSUR,1.67,0.6,8.49%,3.56%,-6.77%,-24.73%,34.68%,61.04,17.32,1.82%,1.46%,0.35%,551631
629,OXY,0.65,1.78,2.58%,11.90%,22.41%,-1.48%,47.13%,67.58,85.1,1.07%,0.53%,0.53%,4940156
630,PAA,0.72,0.64,-1.64%,0.19%,8.93%,-12.10%,29.00%,49.75,23.71,0.89%,0.25%,0.64%,2294302
631,PACW,1.45,1.05,-0.05%,4.11%,7.68%,-2.93%,24.19%,54.13,53.5,0.83%,-0.80%,1.64%,810112
632,PAGP,1.24,0.62,-0.09%,3.19%,11.86%,-10.27%,31.19%,55.58,24.6,0.12%,0.65%,-0.53%,1760530
633,PAGS,,2.11,5.66%,-0.09%,4.25%,-13.69%,28.83%,53.16,34.5,3.70%,2.77%,0.90%,2618693
634,PAYX,0.97,0.97,3.57%,6.47%,4.29%,-9.06%,22.66%,69.43,66.48,1.37%,0.76%,0.61%,1385483
635,PBF,1.24,1.54,12.86%,25.50%,51.80%,-0.77%,151.65%,78.24,48.67,3.16%,2.27%,0.87%,2352435
636,PBR,2.41,0.93,-30.98%,-28.90%,-14.62%,-41.00%,33.35%,22.3,10.13,-14.59%,-16.42%,2.19%,180935614
637,PBR-A,,0.85,-33.56%,-33.22%,-22.90%,-42.74%,23.24%,20.39,8.56,-16.08%,-18.32%,2.75%,47295370
638,PCAR,1.21,1.57,-1.87%,-3.77%,-7.73%,-20.98%,5.19%,42.37,62.97,1.19%,0.54%,0.64%,1638670
639,PCG,-0.01,1.14,-2.56%,-4.54%,-18.11%,-40.94%,13.32%,41.95,42.27,-2.45%,-2.45%,0.00%,3493234
640,PDCE,0.66,2.14,0.26%,10.38%,22.64%,-7.33%,66.98%,57.32,61.35,1.42%,0.72%,0.69%,1194181
641,PDCO,1.11,0.7,-5.46%,-6.69%,-34.67%,-56.56%,1.99%,37.69,20.98,0.29%,-0.38%,0.67%,1253665
642,PE,-0.52,1.1,-9.27%,-4.83%,4.19%,-15.32%,34.04%,37.69,28.31,-3.97%,-3.90%,-0.07%,10225520
643,PEB,1.28,0.69,6.80%,13.93%,14.08%,-0.24%,34.49%,79.33,41.22,0.98%,0.37%,0.61%,570326
644,PEG,0.44,0.8,2.57%,4.00%,6.33%,-1.45%,26.11%,61.73,52.55,-0.81%,-0.85%,0.04%,3769546
645,PENN,1.49,0.96,1.14%,14.16%,23.28%,-6.79%,78.57%,63.9,33.83,-0.73%,-1.14%,0.41%,1435079
646,PETS,1,1.18,3.11%,-1.99%,-9.12%,-36.21%,15.91%,51.01,36.87,2.50%,1.79%,0.70%,763698
647,PF,0.46,1.04,0.88%,7.88%,10.03%,-4.28%,22.12%,67.37,63.81,-0.20%,-0.34%,0.14%,1080876
648,PFG,1.55,1.29,-2.83%,-4.90%,-13.01%,-25.32%,2.84%,39.84,56.45,1.16%,0.82%,0.34%,1387291
649,PG,0.57,0.99,0.22%,-2.15%,-13.69%,-22.41%,3.85%,45.2,73.45,0.38%,0.16%,0.22%,7201050
650,PGR,0.67,1.01,1.37%,2.32%,14.29%,-1.34%,47.52%,55.03,62.43,0.55%,-0.21%,0.76%,2669824
651,PGTI,0.81,0.64,4.97%,8.72%,24.27%,-7.13%,79.74%,63.39,20.4,-1.45%,-1.69%,0.24%,822564
652,PHG,1.25,0.58,-1.54%,1.89%,4.41%,-4.28%,18.41%,50.11,41.59,1.09%,-0.19%,1.29%,2200191
653,PHM,1.03,0.76,-0.05%,1.38%,1.29%,-13.77%,34.22%,50.3,30.36,0.36%,-0.23%,0.60%,2452754
654,PINC,0.47,0.73,3.31%,3.69%,4.07%,-9.12%,22.15%,63.54,33.17,1.69%,1.47%,0.21%,664051
655,PLAY,0.4,1.12,2.10%,0.35%,-13.48%,-43.26%,10.15%,54.97,41.69,0.12%,-0.41%,0.53%,623951
656,PLD,0.86,0.93,0.87%,2.16%,2.13%,-3.58%,17.93%,57.63,65.11,1.18%,0.73%,0.45%,2951400
657,PLNT,,1.01,0.11%,1.46%,22.15%,-4.10%,90.01%,53.3,39.96,0.83%,0.23%,0.61%,896242
658,PM,0.92,1.49,-3.31%,-11.94%,-24.23%,-36.72%,-0.55%,31.34,78.18,-1.71%,-1.60%,-0.11%,7657718
659,PNFP,1.04,1.35,-2.16%,-0.39%,-0.71%,-7.97%,10.79%,42.93,64.7,-3.50%,-4.08%,0.60%,1165088
660,PNR,1.33,0.94,-2.39%,-4.19%,-4.88%,-12.73%,10.46%,38.84,43.86,0.50%,-0.20%,0.71%,1162707
661,PNW,0.26,1.24,-0.67%,-1.54%,-6.88%,-16.11%,5.11%,44.57,77.58,-2.55%,-2.01%,-0.55%,784701
662,POR,0.24,0.67,2.51%,3.58%,-3.85%,-15.65%,8.33%,60.83,42.27,-0.91%,-0.59%,-0.33%,765708
663,PPC,0.12,0.71,-6.83%,-13.44%,-30.43%,-49.28%,0.46%,27.52,19.47,-0.10%,-0.66%,0.56%,1178838
664,PRAH,0.48,2.64,3.23%,1.27%,1.17%,-11.64%,21.81%,55.64,84.74,-0.19%,-0.22%,0.04%,1045021
665,PRGO,0.76,1.87,-1.78%,-6.17%,-11.86%,-22.78%,16.33%,41.25,74.08,1.26%,0.60%,0.66%,1038121
666,PRTA,2.74,0.94,-7.20%,-44.11%,-67.41%,-80.44%,31.26%,28.48,13.69,1.48%,0.37%,1.11%,637109
667,PRU,1.45,2.3,-1.20%,-3.90%,-9.16%,-22.26%,4.58%,44.37,98.84,2.07%,0.29%,1.77%,1766053
668,PS,,1.23,5.02%,5.02%,5.02%,-2.47%,14.55%,,22.05,2.46%,0.68%,1.77%,626899
669,PSTG,,0.97,1.08%,8.48%,24.41%,-7.24%,89.50%,56.53,22.55,5.08%,5.08%,0.00%,7483564
670,PTC,1.34,1.46,1.66%,5.34%,26.46%,-1.87%,66.76%,64.75,87.05,0.94%,0.60%,0.34%,827594
671,PTCT,1.7,1.46,17.46%,24.63%,60.91%,5.49%,195.02%,75.38,36.11,6.52%,4.97%,1.47%,1775259
672,PTEN,1.21,0.84,-12.34%,-4.59%,-3.75%,-22.09%,31.49%,35.28,19.5,-5.71%,-8.24%,2.76%,6435961
673,PTLA,1.5,1.77,0.49%,13.35%,-12.24%,-39.24%,35.45%,58.46,40.77,1.54%,1.39%,0.15%,887726
674,PUMP,,0.96,-18.72%,-15.05%,-8.84%,-33.22%,40.96%,28.87,15.28,-6.08%,-6.77%,0.74%,4787285
675,PVTL,,0.62,-0.92%,0.13%,0.13%,-6.88%,20.91%,,18.27,1.56%,0.50%,1.06%,687450
676,PWR,0.89,0.64,0.15%,3.83%,-0.68%,-10.19%,18.33%,56.38,36.02,0.03%,-0.63%,0.67%,1186222
677,PYPL,,2.04,5.55%,7.46%,12.75%,-3.56%,63.78%,68.66,83.25,1.44%,0.85%,0.58%,7073680
678,QCOM,1.5,1.37,4.36%,7.36%,-0.30%,-15.40%,20.70%,62.46,58.61,0.84%,0.46%,0.38%,8865864
679,QD,,0.56,-14.90%,-19.06%,-40.88%,-75.71%,12.70%,34.88,8.61,4.36%,4.87%,-0.48%,3014006
680,QGEN,1.09,0.6,3.42%,8.99%,11.53%,-1.37%,21.36%,71.51,36.65,0.94%,0.25%,0.69%,795669
681,QID,,1.19,-5.28%,-10.48%,-20.76%,-41.94%,0.05%,31.27,41.5,-3.17%,-2.19%,-1.00%,1883452
682,QLD,,2.14,5.35%,10.41%,17.32%,-4.15%,56.00%,68.94,87.68,3.14%,2.14%,0.98%,1147413
683,QNST,0.92,0.55,6.67%,10.28%,39.75%,-6.42%,308.04%,62.1,13.71,0.00%,-0.15%,0.15%,589472
684,QRTEA,1.36,0.7,-9.29%,-15.17%,-17.71%,-30.54%,-0.25%,24.81,20.22,-0.54%,-0.54%,0.00%,2666190
685,QRVO,0.91,1.99,1.65%,9.59%,10.66%,-5.79%,30.52%,62.92,81.81,1.94%,1.46%,0.47%,1218477
686,QSR,,1.05,4.51%,5.56%,-2.41%,-14.08%,11.49%,63.2,59.19,0.29%,-0.10%,0.39%,1484113
687,QTS,0.64,0.99,8.01%,8.43%,-18.14%,-37.34%,22.13%,67.54,38.57,2.23%,2.39%,-0.16%,619810
688,RDC,1.8,0.64,-0.16%,8.84%,15.79%,-9.53%,73.84%,56.9,15.68,0.51%,0.77%,-0.26%,2142741
689,RDFN,,0.74,-2.73%,-3.29%,-8.92%,-35.44%,12.72%,42.84,21.62,-2.17%,-1.77%,-0.41%,1697138
690,RDS-A,1.09,1.19,-1.74%,1.46%,8.43%,-5.63%,34.27%,49.71,69.7,0.17%,-0.23%,0.40%,3558222
691,RDS-B,,1.28,-1.60%,2.33%,9.89%,-5.70%,35.70%,50.78,72.6,0.37%,-0.25%,0.62%,1275987
692,RDUS,1.22,1.2,-6.86%,-12.81%,-15.35%,-41.68%,16.26%,34.36,28.67,0.60%,0.07%,0.53%,641586
693,REG,0.48,0.98,0.21%,-0.06%,-7.21%,-18.23%,5.27%,49.19,57.76,-0.55%,-0.74%,0.19%,1513558
694,REGI,0.95,0.51,11.99%,24.82%,44.92%,-2.75%,85.79%,78.77,17.65,-1.12%,-1.12%,0.00%,563873
695,REI,0.17,0.7,-13.59%,-11.15%,-3.76%,-21.84%,24.63%,35.3,13.56,-1.81%,-2.38%,0.58%,570932
696,REN,3.3,1.98,-4.77%,-4.31%,3.27%,-22.62%,37.48%,43.7,32.5,-8.86%,-7.62%,-1.35%,895068
697,RES,0.83,0.78,-13.91%,-13.26%,-25.48%,-41.19%,-2.81%,30.95,15.92,-3.05%,-3.57%,0.55%,2078238
698,REXR,0.75,0.53,-0.25%,5.01%,6.83%,-4.31%,19.64%,57.54,31.49,0.70%,0.54%,0.16%,871725
699,RH,1.62,3.97,-2.89%,5.64%,14.49%,-10.28%,136.68%,48.72,98.27,0.55%,0.50%,0.05%,859770
700,RHI,1.19,0.99,1.30%,5.76%,16.78%,-1.88%,49.42%,60.9,64.13,0.71%,-0.14%,0.85%,830783
701,RIO,1.26,1.03,0.54%,4.82%,11.13%,-3.55%,52.79%,57.69,57.54,1.48%,0.31%,1.16%,1590544
702,RIOT,3.08,0.56,-4.73%,0.85%,-31.60%,-84.00%,140.19%,48.62,7.39,5.87%,6.64%,-0.72%,1002930
703,RJF,1.63,2.14,2.35%,7.51%,10.76%,-4.12%,35.90%,58.25,97.96,1.45%,-0.22%,1.68%,645727
704,RLGY,1.16,0.64,-5.13%,-9.14%,-17.49%,-33.83%,-1.00%,31.47,23.28,-2.14%,-2.80%,0.67%,1968043
705,ROKU,,1.8,5.70%,10.49%,1.40%,-36.96%,135.37%,58.88,37.07,-1.04%,-1.28%,0.24%,6982052
706,ROL,0.22,0.83,-0.10%,-1.09%,4.78%,-7.82%,25.62%,48.18,50.01,0.48%,-0.14%,0.62%,535174
707,ROST,1.06,2.04,-0.56%,1.88%,10.24%,-5.78%,52.72%,50.88,80.71,2.32%,1.70%,0.61%,3609234
708,RP,1.13,1.43,1.39%,8.23%,25.53%,-3.23%,77.63%,64.68,59.95,2.04%,1.35%,0.68%,942125
709,RPM,1.44,0.86,-0.63%,1.53%,-1.79%,-11.96%,7.66%,49.72,49.91,0.83%,0.04%,0.79%,963154
710,RRC,0.61,0.65,9.51%,12.66%,0.11%,-31.62%,37.30%,65.89,16.38,3.41%,3.41%,0.00%,10602178
711,RRR,,1.27,4.08%,12.34%,20.08%,-1.54%,64.50%,73.18,35.22,2.26%,1.76%,0.49%,640363
712,RS,1.19,2.2,1.50%,5.74%,13.02%,-3.24%,37.67%,59.1,94.25,0.73%,-0.64%,1.38%,621602
713,RSG,0.57,0.9,0.65%,2.03%,3.17%,-2.05%,12.82%,54.79,67.98,0.82%,0.25%,0.56%,965040
714,RSPP,1.61,1.67,-13.07%,-10.93%,6.40%,-20.23%,42.87%,30.42,41.09,-6.06%,-6.27%,0.23%,4873697
715,RXN,1.63,0.64,3.31%,1.84%,10.53%,-5.63%,31.75%,60.04,29.67,1.68%,0.92%,0.75%,806201
716,RY,1.14,1.04,-2.18%,-1.61%,-3.70%,-13.08%,10.43%,42.9,75.71,0.16%,-0.49%,0.65%,667295
717,RYAM,3.44,0.65,-5.57%,-11.76%,0.08%,-22.13%,41.01%,34.22,17.88,-0.17%,-0.56%,0.39%,725081
718,RYN,0.32,0.64,3.26%,6.24%,20.47%,0.18%,41.57%,71.51,39.23,0.93%,0.95%,-0.03%,707856
719,SABR,0.67,0.56,5.39%,13.46%,22.91%,-0.28%,44.10%,77.03,24.93,1.71%,0.93%,0.78%,2368266
720,SAIL,,1.39,8.30%,12.82%,35.20%,-3.96%,101.64%,65.47,25.85,-0.92%,-0.92%,0.00%,2500967
721,SAVE,0.52,1.18,1.11%,-0.20%,-3.81%,-34.89%,22.16%,51.32,37.04,0.95%,0.22%,0.74%,884626
722,SBGI,1.57,0.92,-5.03%,-6.21%,-14.55%,-31.01%,4.53%,39.66,27.7,1.09%,0.73%,0.36%,1771754
723,SBUX,0.61,0.88,-0.59%,-1.71%,0.07%,-12.27%,8.24%,44.91,56.91,0.42%,0.12%,0.30%,4961024
724,SC,1.07,0.63,-5.17%,3.74%,9.73%,-10.31%,64.43%,44.63,18.35,2.46%,-1.71%,4.24%,11736471
725,SCCO,0.5,1.22,-3.89%,-7.56%,4.19%,-15.20%,46.48%,36.29,49.26,0.76%,0.24%,0.51%,760668
726,SCG,0.25,1.05,0.02%,-2.66%,-19.19%,-50.41%,5.18%,46.24,35.35,-2.62%,-2.43%,-0.19%,1566562
727,SCHB,,0.66,1.25%,2.78%,4.37%,-3.71%,14.55%,60,66.51,1.02%,0.42%,0.59%,716565
728,SCHD,,0.53,1.40%,1.86%,1.12%,-8.75%,11.33%,56.81,49.82,0.95%,0.36%,0.59%,743506
729,SCHW,1.5,1.25,-2.00%,3.23%,14.10%,-5.80%,49.05%,50.04,56.73,2.00%,0.35%,1.64%,6485019
730,SCHX,,0.66,1.17%,2.59%,4.04%,-4.22%,14.32%,59.12,65.54,1.08%,0.44%,0.63%,1014959
731,SCI,0.94,0.55,-1.28%,-2.48%,-0.71%,-9.24%,15.99%,42.68,36.56,-0.35%,-0.79%,0.44%,918840
732,SCO,,0.69,13.38%,3.72%,-27.89%,-64.00%,22.50%,61.02,18.78,4.57%,2.18%,2.34%,2112932
733,SCZ,,0.55,-0.89%,-0.37%,2.10%,-5.42%,14.65%,47.35,65.44,0.71%,0.11%,0.60%,1071068
734,SDOW,,0.66,-0.70%,-4.36%,-15.28%,-45.30%,15.06%,47.06,18.03,-2.49%,-0.17%,-2.33%,2962248
735,SDS,,0.83,-2.18%,-4.96%,-10.06%,-26.37%,6.28%,41.55,37.9,-2.12%,-0.92%,-1.21%,3850442
736,SE,,0.74,32.07%,42.31%,31.71%,-4.00%,62.13%,80.08,16.31,10.28%,10.20%,0.07%,3678262
737,SEAS,0.87,0.56,6.35%,13.55%,28.86%,-2.49%,73.11%,69.61,18.04,1.63%,1.63%,0.00%,1763491
738,SEDG,,3.27,-10.88%,-4.21%,33.35%,-22.67%,203.05%,40.3,54.7,-2.06%,-2.67%,0.63%,1840039
739,SEE,1.12,0.8,-0.94%,0.41%,-2.18%,-11.97%,7.85%,47.81,43.96,0.92%,0.07%,0.85%,922392
740,SEIC,1.28,1.65,2.04%,-3.99%,-3.47%,-16.50%,30.74%,47.97,65.42,2.57%,1.33%,1.22%,789428
741,SEMG,1.89,0.86,2.94%,8.35%,0.54%,-19.12%,27.72%,59.02,25.8,1.98%,1.38%,0.59%,1095246
742,SEP,0.72,0.78,-5.43%,-9.32%,-24.54%,-35.36%,0.27%,32.95,30.04,-0.33%,-0.53%,0.20%,683778
743,SFIX,,1.04,-11.20%,-11.26%,-13.08%,-36.88%,31.08%,33.23,18.98,0.00%,0.48%,-0.47%,753976
744,SFM,0.84,0.63,-1.13%,-6.68%,-5.42%,-23.61%,23.13%,38.58,21.61,-0.41%,-0.78%,0.37%,1529575
745,SGEN,1.9,1.91,10.00%,15.98%,12.27%,-7.13%,36.00%,72.87,61.62,1.87%,1.50%,0.36%,1514116
746,SGH,,2.17,2.43%,2.70%,33.60%,-19.00%,251.07%,54.08,45.92,3.12%,2.59%,0.52%,638162
747,SGMO,2.87,0.9,5.55%,-5.33%,-2.11%,-39.64%,145.93%,52.23,16.6,0.91%,-0.60%,1.52%,1598110
748,SGMS,2.51,2.38,4.42%,18.25%,26.95%,-5.02%,157.11%,65.07,59.65,0.59%,-0.83%,1.43%,542463
749,SHAK,1.36,1.94,3.82%,22.51%,46.96%,-3.81%,99.73%,68.92,60.16,0.91%,0.27%,0.64%,999012
750,SHLX,1.24,0.53,-1.17%,3.58%,-12.21%,-27.28%,16.79%,51.84,22.68,1.30%,0.98%,0.31%,1619875
751,SIG,0.88,1.17,7.58%,9.39%,-19.83%,-45.33%,28.69%,72.18,42.61,-0.91%,-0.09%,-0.81%,1353594
752,SINA,1.11,2.71,0.32%,-4.05%,-13.55%,-25.97%,10.60%,48.85,92.24,1.56%,1.22%,0.34%,713760
753,SIX,1.11,1.37,4.49%,6.18%,5.72%,-5.98%,29.23%,65.96,66.23,2.65%,2.08%,0.56%,1222410
754,SJI,0.62,0.53,1.01%,6.77%,3.73%,-13.02%,25.81%,60.72,32.66,-1.39%,-1.30%,-0.09%,580316
755,SKT,0.52,0.54,3.90%,-0.18%,-8.39%,-22.49%,8.81%,55.1,21.61,0.56%,0.51%,0.05%,1595849
756,SKX,0.34,0.72,-0.50%,-13.43%,-12.85%,-31.59%,23.31%,38.66,29.47,1.41%,0.48%,0.93%,3309303
757,SLB,1.08,1.53,-2.98%,0.50%,2.25%,-14.18%,13.01%,45.71,68.96,0.42%,0.47%,-0.04%,6511900
758,SLCA,2.31,1.21,-5.86%,3.64%,-0.74%,-22.95%,27.20%,45.67,30.21,-2.33%,-2.58%,0.26%,2053039
759,SLG,1.09,1.59,0.59%,1.36%,-0.21%,-10.10%,9.53%,55.65,97.99,0.48%,-0.11%,0.59%,794584
760,SM,2.99,1.2,-8.47%,4.09%,14.01%,-17.77%,88.69%,44.49,23.19,-11.49%,-11.86%,0.42%,6327359
761,SMG,0.26,2.19,-1.83%,-1.75%,-12.45%,-25.08%,7.70%,43.46,82.5,-3.09%,0.16%,-3.24%,1575978
762,SMTC,1.22,1.32,13.20%,17.23%,30.10%,0.51%,57.67%,80.71,49.35,1.96%,0.61%,1.34%,519172
763,SNAP,,0.52,7.58%,-12.33%,-20.72%,-45.78%,10.76%,50.39,11.63,2.11%,-0.68%,2.81%,46749626
764,SNPS,1.09,1.47,0.50%,4.17%,4.40%,-5.63%,24.35%,58.85,89.46,1.58%,1.10%,0.48%,776637
765,SNV,1.07,0.99,1.40%,5.56%,12.63%,-1.26%,35.83%,59.09,54.7,1.09%,-0.44%,1.53%,854347
766,SNY,0.82,0.6,0.61%,-1.67%,-11.36%,-23.42%,3.63%,49.7,38.79,1.36%,-0.41%,1.78%,863550
767,SO,0.06,0.71,-0.45%,-1.14%,-6.58%,-17.40%,4.29%,47.06,44.2,-1.56%,-1.36%,-0.20%,4029590
768,SOI,,0.88,-11.88%,-13.56%,-13.32%,-37.57%,51.29%,33.64,14.97,-3.04%,-3.42%,0.39%,1958316
769,SONC,1.44,0.57,-1.44%,-4.30%,-3.56%,-18.74%,10.45%,40.73,24.42,0.58%,0.08%,0.49%,640401
770,SOXS,,0.62,-13.01%,-20.77%,-40.44%,-72.06%,0.64%,33.83,9.41,-6.74%,-4.95%,-1.88%,3496941
771,SPN,2.07,0.54,-9.29%,1.93%,7.27%,-18.11%,36.12%,42.6,10.42,-4.67%,-5.19%,0.55%,4125089
772,SPPI,2.02,0.99,8.66%,11.58%,14.48%,-16.09%,249.03%,60.66,19.72,2.23%,2.65%,-0.41%,1587658
773,SPR,1.48,1.97,1.63%,4.44%,3.24%,-17.76%,59.51%,57.37,86.52,2.14%,1.79%,0.34%,1238502
774,SPXL,,1.37,2.90%,6.56%,7.70%,-16.92%,40.63%,57.54,45.27,3.12%,1.23%,1.87%,4378142
775,SPXS,,0.87,-3.35%,-7.65%,-16.13%,-38.17%,7.68%,41.26,26.08,-3.16%,-1.40%,-1.78%,3451094
776,SPXU,,1.32,-3.34%,-7.62%,-16.22%,-38.21%,7.59%,41.14,39.55,-3.16%,-1.40%,-1.79%,3299745
777,SQ,,2.07,8.78%,15.94%,45.19%,0.87%,165.10%,71.61,59.41,1.99%,1.21%,0.77%,10464666
778,SQM,1.07,1.78,-4.80%,-2.26%,-4.87%,-19.30%,60.01%,43.63,51.45,-1.30%,-1.19%,-0.12%,1656458
779,SQQQ,,0.64,-7.92%,-15.77%,-31.60%,-57.40%,-1.45%,31.22,14.25,-4.68%,-3.26%,-1.47%,14085144
780,SRCL,0.41,1.1,0.86%,4.95%,-4.35%,-24.28%,13.10%,60.71,64.06,0.88%,0.49%,0.39%,554150
781,SRPT,1.32,3.64,5.68%,15.96%,54.74%,-1.94%,221.32%,66.94,95.85,2.13%,1.31%,0.81%,929315
782,SSNC,1.16,0.87,3.13%,1.82%,13.29%,-5.67%,42.06%,63.07,50.93,0.04%,-0.22%,0.26%,1009785
783,ST,1.51,1,0.90%,0.45%,3.35%,-9.09%,29.35%,53.08,52.18,2.13%,0.52%,1.61%,1145455
784,STI,1.31,1.41,0.27%,1.13%,6.72%,-6.64%,31.83%,51.42,68.5,1.47%,0.25%,1.21%,2639224
785,STL,1.12,0.57,1.18%,5.88%,3.05%,-6.42%,18.10%,57.93,24.8,1.02%,-0.60%,1.63%,1609001
786,STLD,1.35,1.35,2.42%,7.68%,19.35%,-4.08%,55.19%,59.91,49.97,1.09%,-0.32%,1.42%,2002556
787,STM,0.82,0.55,0.35%,4.24%,8.18%,-6.09%,68.87%,55.03,23.76,-0.46%,-0.04%,-0.42%,2375367
788,STT,1.28,2.1,-1.18%,-1.49%,-0.55%,-13.84%,20.83%,47.29,98.45,2.43%,0.75%,1.68%,1466323
789,STX,1.64,1.78,1.16%,-0.19%,25.74%,-7.66%,89.22%,51.2,57.9,2.75%,2.30%,0.44%,2873350
790,SU,0.84,0.86,1.38%,6.95%,14.83%,-3.19%,44.78%,60.07,40.48,1.76%,1.94%,-0.18%,6059224
791,SUM,,0.83,-4.86%,-5.28%,-8.81%,-18.97%,6.17%,35.65,27.6,-2.89%,-3.73%,0.88%,2179103
792,SUPN,1.1,2.06,7.85%,17.70%,33.74%,-2.29%,73.27%,65.99,57.7,2.40%,2.03%,0.35%,766358
793,SUPV,,1.17,-16.19%,-34.67%,-36.90%,-50.40%,2.88%,23.31,16.79,-2.21%,-2.21%,0.00%,533296
794,SYF,1.13,0.72,1.71%,2.72%,1.87%,-13.67%,30.55%,54.54,35.04,1.18%,-0.34%,1.53%,2906621
795,SYMC,0.86,0.89,-10.52%,-17.81%,-25.82%,-38.54%,11.51%,32.66,21.02,1.15%,1.11%,0.05%,5381101
796,SYNA,0.91,1.33,-1.40%,-4.22%,1.17%,-34.21%,25.88%,45.82,42.46,1.00%,0.50%,0.50%,779764
797,SYNH,0.83,1.38,6.41%,12.06%,-1.56%,-28.81%,39.87%,69.78,43.5,1.16%,0.35%,0.81%,578244
798,SYY,0.56,0.93,2.72%,5.45%,11.91%,-1.65%,33.90%,64.14,65.41,0.58%,0.21%,0.37%,1586024
799,T,0.39,0.52,0.87%,-3.91%,-9.93%,-18.42%,4.17%,45.01,32.47,0.46%,-0.03%,0.50%,23699782
800,TAL,0.38,1.66,4.11%,11.68%,27.89%,-3.73%,123.47%,67.04,42.84,0.89%,1.30%,-0.40%,4100835
801,TAP,0.76,1.42,1.35%,-9.41%,-21.71%,-36.81%,4.87%,38.1,61.61,-0.06%,-0.05%,-0.02%,1340186
802,TBT,,0.65,-3.23%,-2.13%,1.96%,-7.63%,11.63%,42.29,36.82,1.07%,-0.16%,1.24%,3817312
803,TCF,1.06,0.56,2.61%,9.22%,29.15%,-0.88%,81.96%,62.96,26.53,0.84%,-0.45%,1.29%,1170007
804,TCO,0.56,1.27,0.66%,-1.79%,-2.49%,-17.97%,22.02%,49.68,54.64,0.09%,-0.07%,0.16%,699873
805,TD,0.95,1.28,-0.56%,1.65%,1.68%,-23.24%,22.07%,50.08,57.92,-0.80%,-0.97%,0.17%,1226313
806,TDC,1.16,0.86,2.21%,-0.13%,7.16%,-7.33%,46.77%,55.28,39.7,-0.43%,-0.60%,0.18%,801321
807,TDOC,,1.47,5.43%,14.93%,37.78%,-2.12%,86.08%,69.84,50.8,-0.20%,-0.68%,0.49%,574414
808,TDS,0.8,0.63,-1.34%,-6.06%,-6.42%,-14.03%,9.09%,41.25,25.68,0.51%,0.04%,0.47%,597703
809,TEAM,,1.88,2.20%,8.00%,28.13%,-3.02%,96.47%,60.99,64.01,0.34%,-0.06%,0.41%,1936747
810,TECD,0.88,2.56,8.98%,9.39%,-3.93%,-20.50%,17.29%,75.27,88.33,1.75%,0.62%,1.13%,659201
811,TECK,1.57,0.81,0.77%,3.98%,9.29%,-10.71%,91.37%,54.05,27.5,1.21%,-0.04%,1.25%,2233068
812,TEL,1.07,1.5,0.50%,-1.81%,1.01%,-12.60%,22.61%,49.58,94.59,1.62%,0.66%,0.96%,1276386
813,TELL,1.44,0.65,5.10%,21.31%,14.49%,-16.08%,78.76%,60.89,11.53,3.04%,2.49%,0.54%,1003455
814,TER,1.19,1.18,5.54%,-2.03%,-4.57%,-22.43%,32.45%,55.98,39.31,3.69%,2.50%,1.16%,5614293
815,TEVA,0.72,0.66,7.66%,17.28%,24.66%,-35.27%,101.75%,70.96,21.89,1.81%,1.20%,0.60%,17940110
816,TEX,1.79,1.28,-2.36%,2.81%,-6.74%,-20.33%,21.64%,49.25,39.97,0.99%,-0.07%,1.06%,915444
817,TGI,1.65,1.03,-8.71%,-13.13%,-22.05%,-38.51%,1.90%,37.52,21.4,0.94%,0.23%,0.71%,735236
818,TGT,0.71,1.66,0.55%,1.70%,10.07%,-7.50%,49.92%,51.23,72.8,-0.12%,-0.18%,0.05%,4017208
819,TGTX,1.13,0.6,-0.31%,-3.39%,16.37%,-22.48%,85.52%,46.19,13.45,0.37%,-0.37%,0.75%,850658
820,THC,0.94,1.41,5.80%,26.13%,82.51%,-6.10%,187.59%,68.78,35.23,-0.56%,-0.84%,0.28%,1607671
821,THO,1.29,4.05,-6.19%,-11.36%,-25.64%,-42.41%,3.46%,35.77,93,0.43%,0.11%,0.32%,1496110
822,THS,0.6,1.29,5.20%,16.81%,-3.52%,-43.47%,33.73%,75.75,48.61,1.46%,0.73%,0.73%,726670
823,TJX,0.66,1.65,5.49%,7.76%,17.34%,-0.47%,36.09%,69.56,90.42,0.11%,-0.12%,0.23%,3992148
824,TKR,1.52,1.35,-1.62%,2.19%,0.10%,-14.56%,13.62%,49.35,47.55,0.53%,-0.21%,0.74%,829826
825,TLRD,1.74,1.26,-8.21%,1.41%,44.11%,-15.47%,223.19%,39.77,30.38,-7.41%,-7.49%,0.09%,1721248
826,TMHC,1.38,0.66,-1.84%,-4.97%,-6.62%,-23.33%,10.72%,42.84,21.79,1.35%,0.55%,0.79%,710813
827,TMUS,0.33,1.29,0.53%,-4.49%,-7.52%,-16.98%,4.16%,46.04,56.87,2.10%,1.55%,0.54%,3312442
828,TMV,,0.52,-5.06%,-3.64%,1.57%,-11.98%,15.76%,41.87,19.76,1.54%,-0.30%,1.85%,1048806
829,TNA,,2.57,6.61%,14.27%,22.03%,-0.99%,72.39%,67.57,83.04,2.28%,0.10%,2.18%,2567007
830,TNDM,-0.12,1.04,26.71%,73.27%,187.20%,-5.31%,574.30%,75.5,14.43,2.85%,2.85%,0.00%,1808714
831,TOL,1.36,1.21,-5.42%,-6.88%,-10.88%,-25.03%,8.15%,38.74,39.53,0.10%,-0.60%,0.71%,1454134
832,TOT,0.79,1.02,-1.58%,0.70%,8.01%,-5.09%,27.31%,48.93,61.3,1.07%,-0.57%,1.65%,1220024
833,TPH,1.46,0.51,1.04%,2.42%,5.83%,-11.56%,42.77%,51.91,17.29,0.17%,-0.80%,0.98%,1165554
834,TPR,0.36,1.07,-0.96%,-10.14%,-1.80%,-19.82%,14.99%,37.37,44.5,1.78%,0.98%,0.80%,2542742
835,TPX,1.38,1.63,-3.59%,0.96%,-17.78%,-32.39%,11.95%,43.35,46.01,-0.26%,-1.14%,0.89%,822031
836,TQQQ,,2.07,7.97%,15.32%,23.47%,-7.90%,86.61%,68.74,58.49,4.65%,3.25%,1.36%,9617077
837,TRCO,1.57,0.83,-2.27%,-6.51%,-11.51%,-17.66%,3.39%,36.71,35.99,0.31%,0.17%,0.14%,975612
838,TRGP,1.98,1.19,2.01%,4.38%,5.59%,-6.32%,23.24%,60.76,48.79,0.33%,-0.16%,0.49%,2393017
839,TRI,0.67,0.63,0.97%,-0.25%,-8.51%,-19.56%,7.06%,51.85,39.1,0.72%,0.67%,0.05%,822985
840,TRIP,1.89,1.74,17.64%,28.53%,39.28%,5.81%,87.15%,83.64,55.21,5.89%,5.36%,0.50%,7628838
841,TRMB,2.44,0.87,-0.49%,-1.88%,-12.04%,-24.70%,7.50%,48.35,34.41,4.08%,3.18%,0.88%,1718541
842,TRN,2.03,0.88,-0.83%,3.78%,2.77%,-10.51%,35.40%,50.3,34.23,-0.75%,-1.55%,0.81%,2991318
843,TROX,3.17,0.66,1.67%,-0.90%,-14.11%,-35.95%,41.23%,52.48,18.19,-0.98%,-1.68%,0.71%,1103931
844,TRP,0.68,0.7,-2.97%,-1.99%,-10.86%,-20.00%,5.92%,42.23,41.48,-0.84%,-1.19%,0.36%,1203616
845,TRU,,1.05,0.77%,8.85%,23.64%,-0.99%,68.13%,71.83,69.05,0.66%,0.44%,0.22%,1566983
846,TS,0.67,0.88,-6.26%,-2.53%,12.14%,-10.97%,39.64%,39.15,36.18,0.78%,-0.30%,1.09%,1900633
847,TSCO,1.28,1.76,5.78%,14.79%,14.61%,-9.13%,50.65%,70.04,75.13,1.10%,0.40%,0.70%,1606965
848,TSM,0.93,0.71,0.22%,-3.55%,-3.97%,-15.83%,14.25%,46.38,39.2,1.29%,0.54%,0.75%,5628876
849,TSN,0.18,1.54,-0.04%,-2.49%,-6.78%,-19.56%,19.04%,45.28,68.09,0.92%,0.38%,0.53%,2092043
850,TSRO,1.21,3.31,-2.58%,-10.06%,-42.44%,-69.55%,9.53%,44.35,46.89,2.45%,2.67%,-0.22%,2746189
851,TSS,1.15,1.51,-0.03%,0.33%,9.65%,-4.96%,49.90%,51.68,86.24,1.23%,0.62%,0.61%,762540
852,TSU,1.35,0.63,-4.19%,-11.00%,-5.57%,-19.46%,34.24%,41.19,18.49,3.30%,0.82%,2.46%,1542281
853,TTC,0.64,1.39,-1.11%,-1.98%,-5.91%,-20.09%,4.28%,45.31,59.02,1.76%,1.01%,0.74%,823088
854,TTD,,3.52,19.58%,44.67%,56.76%,-1.32%,112.87%,83.72,86.64,1.30%,0.70%,0.60%,3125772
855,TTM,,0.62,-7.09%,-13.33%,-27.26%,-42.70%,3.88%,32.38,21.42,2.59%,0.80%,1.77%,2335468
856,TTMI,1.81,0.51,7.86%,13.54%,13.28%,-8.55%,40.10%,70.32,17.87,-0.89%,-1.00%,0.11%,1331324
857,TUP,1.55,1.2,-6.13%,-6.97%,-24.50%,-43.41%,2.13%,31.7,41.65,-1.21%,-1.23%,0.02%,616563
858,TV,1.38,0.56,-2.81%,-0.49%,-14.01%,-36.94%,21.55%,45.06,17.26,2.98%,1.77%,1.19%,1559658
859,TVIX,,0.58,-9.28%,-32.47%,-43.08%,-80.28%,9.07%,37.9,5.05,-8.01%,-0.79%,-7.29%,39480171
860,TVTY,0.31,1.37,-8.97%,-11.38%,-11.46%,-30.10%,13.19%,26.65,33.9,-3.28%,-3.83%,0.57%,1858532
861,TWLO,,2.07,11.08%,28.52%,73.09%,1.45%,147.23%,76.89,57.48,6.50%,5.37%,1.07%,3091133
862,TWOU,-0.04,3.07,4.55%,10.91%,36.74%,-2.32%,129.12%,64.38,96.3,1.58%,1.04%,0.54%,620640
863,TWTR,0.89,1.19,11.53%,18.06%,47.06%,-0.41%,133.89%,78.68,36.65,5.62%,4.30%,1.27%,29479639
864,TWX,0.88,1.15,0.28%,-0.85%,-1.85%,-9.63%,9.33%,47.99,93.89,-0.29%,-0.33%,0.04%,3316165
865,TXRH,0.55,1.44,1.14%,1.88%,13.64%,-4.54%,40.01%,54.77,62.01,0.06%,-0.66%,0.73%,622402
866,TXT,1.39,1.05,2.36%,7.59%,17.91%,-0.34%,49.33%,66.69,67.2,0.93%,0.30%,0.63%,1271278
867,UA,,0.65,10.56%,22.64%,33.65%,-11.35%,86.58%,69.83,19.33,2.17%,1.10%,1.06%,2977392
868,UAA,-0.23,0.73,9.74%,19.78%,33.30%,-8.95%,87.37%,67.8,21.36,2.20%,0.75%,1.44%,4463871
869,UAL,0.88,1.68,0.89%,1.10%,5.60%,-16.61%,22.54%,50.5,69.25,-0.49%,-1.07%,0.59%,2315741
870,UCO,,1.27,-13.15%,-6.71%,19.55%,-19.41%,126.01%,36.95,27.94,-4.48%,-2.27%,-2.26%,3463007
871,UCTT,0.94,0.78,6.85%,4.21%,-16.72%,-46.02%,21.59%,60.23,18.67,5.96%,4.59%,1.31%,889823
872,UDOW,,3.15,0.02%,2.76%,4.00%,-23.80%,55.10%,51.36,89.02,2.64%,0.35%,2.28%,1049622
873,UDR,0.35,0.54,2.85%,3.26%,-0.83%,-9.68%,11.83%,63.42,36.77,0.82%,0.14%,0.69%,1670332
874,UGAZ,,3.17,11.53%,17.04%,-15.47%,-55.60%,37.07%,63.87,68.15,1.63%,1.50%,0.12%,1003759
875,UGI,0.59,0.73,2.18%,7.33%,7.43%,-3.00%,18.65%,68.25,50.44,-0.06%,-0.20%,0.14%,636046
876,UGP,1.17,0.52,-5.19%,-21.62%,-37.77%,-48.40%,6.14%,28.25,13.66,1.79%,-0.65%,2.46%,1176080
877,UL,0.8,0.63,-0.01%,0.39%,-0.68%,-7.92%,9.12%,47.81,55.37,0.16%,-0.14%,0.31%,631042
878,UN,0.82,0.64,-0.28%,-0.12%,-1.57%,-9.25%,8.46%,46.44,55.92,0.27%,-0.07%,0.34%,3149554
879,UNM,1.39,1.07,1.59%,-11.07%,-22.08%,-33.39%,5.99%,42.03,39.12,0.80%,-0.33%,1.13%,2314113
880,UNVR,,0.69,1.02%,-0.46%,-4.20%,-13.27%,7.44%,51.74,27.71,1.61%,0.84%,0.77%,690641
881,UPRO,,1.45,2.87%,6.52%,7.83%,-16.86%,41.27%,57.49,47.79,3.15%,1.36%,1.77%,3128217
882,URBN,0.51,1.17,4.79%,8.77%,35.25%,-1.79%,164.35%,64.13,42.8,3.03%,2.34%,0.67%,2054469
883,USAT,0.83,0.59,12.00%,32.28%,61.90%,-4.64%,196.67%,69.01,13.35,-0.74%,-1.48%,0.74%,726486
884,USB,0.94,0.87,0.31%,0.27%,-4.45%,-13.23%,4.68%,51.81,50.76,1.54%,0.51%,1.02%,10247193
885,USFD,,0.75,4.52%,6.51%,18.52%,0.41%,43.33%,64.92,36.45,2.16%,1.22%,0.92%,2074285
886,USG,1.11,0.54,-0.30%,2.30%,15.59%,-1.73%,61.76%,53.44,41.41,-0.17%,-0.53%,0.36%,1089383
887,UVXY,,1.05,-5.69%,-24.14%,-30.76%,-75.17%,37.44%,40.07,11.71,-6.39%,-0.34%,-6.08%,18239146
888,UWT,,2.22,-19.58%,-11.33%,23.18%,-28.02%,202.80%,36.49,30.31,-6.74%,-3.50%,-3.35%,4914987
889,VCEL,3.17,0.72,5.44%,16.69%,94.10%,-2.37%,464.71%,60.84,14.4,7.06%,7.06%,0.00%,3297649
890,VEEV,1.4,2.08,5.16%,8.11%,25.09%,-0.23%,52.92%,66.28,79.78,3.13%,2.28%,0.83%,1492157
891,VEU,,0.51,-1.08%,-0.84%,-0.39%,-8.17%,9.10%,45.96,54.09,0.93%,0.17%,0.77%,3172755
892,VFC,0.92,1.31,2.36%,4.41%,11.72%,-3.61%,52.68%,60.6,81.33,0.21%,-0.29%,0.51%,2099593
893,VGK,,0.65,-1.74%,-1.15%,-0.69%,-8.10%,7.06%,44.82,58.45,0.85%,0.02%,0.83%,3790337
894,VIAB,1.44,0.91,-6.25%,-10.39%,-9.25%,-27.73%,20.70%,31.14,26.71,-1.44%,-1.66%,0.22%,2223240
895,VIPS,2.28,0.54,-10.75%,-20.84%,-4.84%,-37.51%,53.53%,30.13,11.96,2.40%,2.40%,0.00%,11507314
896,VIRT,,1.12,-0.44%,-7.73%,33.94%,-18.49%,135.50%,44.99,30.85,-0.64%,-0.96%,0.32%,591883
897,VIXY,,1.68,-3.22%,-15.58%,-7.70%,-37.86%,37.85%,41.1,29.28,-4.19%,-0.07%,-4.12%,1442171
898,VKTX,,0.81,93.30%,106.60%,155.28%,-4.88%,1007.95%,82.1,9.75,-2.40%,-8.45%,6.61%,22665791
899,VNDA,0.93,0.51,6.29%,10.71%,10.40%,-13.24%,48.74%,65.97,17.7,0.57%,-0.28%,0.85%,540945
900,VNO,0.9,1.25,3.34%,4.75%,-2.06%,-12.68%,10.17%,63.93,70.66,1.36%,1.33%,0.03%,1528025
901,VNOM,0.92,1.22,-3.35%,6.21%,33.61%,-9.60%,105.96%,48.09,30.4,-6.69%,-7.12%,0.46%,1656526
902,VNQ,,0.92,2.38%,4.30%,-0.89%,-8.01%,9.97%,65.72,79.24,0.44%,0.83%,-0.38%,7233775
903,VNTR,,0.5,-1.06%,-2.61%,-16.20%,-34.50%,3.46%,45.11,17.62,0.00%,-0.84%,0.85%,575164
904,VOYA,1.51,1.26,-0.68%,1.06%,12.10%,-5.10%,53.99%,50.44,52.45,0.98%,-0.63%,1.62%,2752577
905,VRX,-0.35,0.64,5.11%,20.13%,29.74%,-9.62%,101.83%,73.63,22.08,0.36%,-0.23%,0.59%,3983289
906,VSH,1.34,0.52,1.32%,8.99%,5.79%,-11.53%,29.85%,59.42,21.1,-0.47%,-1.63%,1.18%,2008251
907,VSM,,0.78,4.74%,7.68%,6.45%,-5.24%,32.51%,66.25,40.5,1.33%,0.47%,0.85%,619819
908,VST,,0.51,4.14%,9.46%,24.31%,-1.44%,65.02%,70.77,24.34,-0.77%,-0.77%,0.00%,4055759
909,VSTO,0.07,0.54,14.85%,4.02%,-6.05%,-34.42%,33.06%,63.97,16.44,-2.95%,-3.52%,0.59%,1272981
910,VTR,0.16,1.07,3.34%,8.08%,-5.50%,-24.21%,17.82%,67.07,54.84,0.33%,0.31%,0.02%,2179989
911,VWO,,0.61,-0.39%,-1.82%,-1.56%,-11.53%,11.97%,46.79,45.11,1.12%,0.62%,0.49%,15672885
912,VXUS,,0.52,-0.88%,-0.64%,-0.07%,-7.81%,9.54%,46.95,56.39,0.91%,0.25%,0.66%,772375
913,VXX,,2.03,-3.60%,-15.87%,-7.78%,-37.70%,37.91%,40.65,35.29,-4.08%,-0.48%,-3.62%,28169347
914,VZ,0.62,0.84,-0.41%,-0.61%,-2.72%,-12.71%,11.71%,46.83,47.81,0.29%,-0.17%,0.46%,9931644
915,W,1.57,3.39,11.14%,26.91%,24.78%,-5.14%,71.68%,75.62,94.99,2.86%,1.72%,1.12%,1795755
916,WAB,0.92,2.11,5.60%,13.67%,25.30%,-0.37%,44.38%,73.55,99.91,2.46%,1.37%,1.08%,847951
917,WATT,1.59,0.83,-1.22%,1.04%,19.79%,-46.21%,160.78%,51.95,18.02,-2.22%,-2.38%,0.16%,627239
918,WBA,1.14,1.41,-1.44%,-2.71%,-11.63%,-25.07%,2.11%,43.46,62.86,0.75%,0.48%,0.27%,3219243
919,WCN,0.19,1.05,3.04%,5.64%,10.13%,0.23%,23.33%,69.2,77.87,1.29%,0.82%,0.47%,702302
920,WDC,1.03,2.49,3.31%,-1.20%,-1.10%,-19.72%,13.05%,51.49,85.87,2.83%,1.97%,0.84%,3736051
921,WDR,1.9,0.5,2.79%,0.41%,-2.22%,-17.42%,17.43%,53,19.67,1.39%,0.25%,1.13%,583654
922,WEC,0.09,0.88,0.38%,-0.12%,-2.94%,-11.09%,5.77%,49.84,62.32,-1.31%,-1.49%,0.17%,2286446
923,WELL,0.24,1.15,3.92%,7.08%,-6.44%,-25.78%,17.02%,65.76,58.02,0.64%,0.83%,-0.19%,1473508
924,WERN,1,1.19,6.45%,8.29%,8.03%,-9.78%,46.18%,65.66,39.65,1.15%,0.25%,0.89%,731435
925,WFC,1.11,1.11,1.13%,3.38%,-2.18%,-17.52%,11.00%,53.98,54.69,1.30%,0.24%,1.06%,14078239
926,WGO,1.81,1.6,-2.74%,-2.72%,-18.34%,-38.62%,48.15%,44.55,36,-0.69%,-1.37%,0.69%,729093
927,WIN,0.11,0.57,-21.95%,-25.53%,-37.50%,-76.31%,1.64%,31.86,5.59,1.45%,1.64%,-0.18%,1469906
928,WIX,1.73,3.08,5.75%,7.52%,29.03%,0.06%,76.82%,61.93,90,3.51%,2.62%,0.86%,1030332
929,WLL,2.99,2.2,8.74%,27.65%,87.18%,-1.41%,235.52%,72.43,53.28,1.64%,1.95%,-0.31%,6572167
930,WM,0.71,1.04,1.12%,0.74%,1.56%,-6.80%,15.77%,54.16,83.63,1.11%,0.54%,0.57%,1541184
931,WMB,1.42,0.53,-1.30%,2.47%,-7.04%,-20.76%,11.17%,50.51,26.68,-0.67%,-1.29%,0.63%,7680461
932,WMGI,0.77,0.74,6.21%,17.25%,5.88%,-16.73%,30.93%,71.75,24.89,-0.28%,-0.48%,0.20%,587077
933,WMT,0.54,1.56,-1.35%,-3.32%,-7.64%,-24.54%,13.48%,43.47,82.99,0.55%,-0.06%,0.61%,5217402
934,WP,0.54,1.45,-1.99%,-1.97%,4.83%,-6.89%,34.75%,44.7,79.64,0.21%,-0.56%,0.78%,1601178
935,WPX,2.24,0.68,0.81%,11.79%,36.00%,-4.37%,119.19%,60.41,18.39,0.99%,0.99%,0.00%,7260414
936,WPZ,1.49,0.89,2.02%,8.17%,4.12%,-10.03%,21.08%,59.03,39.64,-0.40%,-0.95%,0.55%,1557186
937,WR,0.36,0.96,1.48%,4.00%,5.47%,-4.10%,17.04%,55.36,55.08,-2.86%,-2.69%,-0.18%,4436452
938,WRD,,1.3,2.98%,15.86%,57.90%,-7.58%,164.67%,61.86,27.42,2.08%,1.52%,0.56%,1733879
939,WRI,0.6,0.56,3.97%,4.74%,-3.02%,-12.41%,12.97%,61.01,29,-1.09%,-0.96%,-0.14%,812444
940,WRK,,1.25,-0.64%,-3.67%,-2.99%,-15.97%,11.40%,45.23,60.12,2.11%,1.01%,1.09%,2005126
941,WSM,0.76,1.66,9.37%,9.47%,7.96%,-3.22%,27.98%,68.2,54.62,-1.35%,-1.97%,0.63%,3616831
942,WTR,0.44,0.59,0.86%,1.58%,-0.96%,-12.24%,7.46%,53.54,34.71,0.03%,-1.05%,1.10%,714999
943,WTTR,,0.68,-16.10%,-8.16%,-14.63%,-38.75%,19.88%,34.78,13.45,-5.75%,-5.61%,-0.14%,863283
944,WTW,3.23,2.97,1.98%,11.05%,37.67%,-7.31%,197.33%,57.44,77.84,3.35%,2.66%,0.66%,1522694
945,WUBA,1.99,2.89,-2.85%,-0.43%,11.18%,-8.18%,106.27%,48.53,82.55,1.64%,0.62%,1.01%,1500488
946,WWE,1,1.94,18.72%,38.28%,82.74%,-2.58%,193.43%,81.81,58.95,1.83%,1.73%,0.10%,795258
947,WWW,0.97,0.72,6.80%,11.83%,15.55%,0.56%,35.22%,72.24,34.13,1.79%,1.01%,0.78%,674583
948,WY,1.36,0.51,2.87%,4.33%,7.36%,-0.53%,21.78%,67,37.69,0.96%,0.96%,0.00%,3523561
949,X,3.04,1.58,5.78%,6.36%,14.17%,-20.89%,90.84%,60.35,37.69,2.22%,0.83%,1.38%,10740140
950,XBI,,1.86,5.64%,8.12%,11.15%,-1.36%,42.45%,69.64,96.65,2.09%,0.58%,1.50%,5010032
951,XEC,1.19,3.14,-9.04%,-8.59%,-17.79%,-32.32%,0.13%,34.65,88.09,-5.20%,-5.12%,-0.09%,2748941
952,XEL,0.15,0.66,-0.43%,-0.97%,-4.86%,-14.32%,7.78%,46.65,44.74,-1.71%,-1.91%,0.20%,2406546
953,XHB,,0.62,-0.26%,-1.34%,-4.49%,-16.57%,5.94%,45.8,39.38,0.25%,0.03%,0.23%,1710553
954,XLB,,0.8,0.41%,1.70%,0.63%,-7.95%,11.37%,54.38,59.07,1.53%,0.78%,0.74%,3797300
955,XLE,,1.36,0.05%,4.92%,9.40%,-3.82%,23.59%,56.49,76.38,0.47%,0.13%,0.34%,14081950
956,XLI,,1.08,1.01%,1.53%,2.08%,-7.04%,12.41%,54.11,75.26,1.10%,0.52%,0.58%,9677176
957,XLK,,0.9,2.78%,5.89%,10.47%,-0.35%,31.04%,69.95,71.09,1.70%,1.02%,0.67%,12722485
958,XLNX,1.09,1.54,1.55%,2.43%,0.76%,-9.81%,17.05%,54.46,70.37,3.32%,2.13%,1.16%,3212728
959,XLP,,0.56,0.09%,-2.29%,-8.16%,-15.76%,1.86%,43.46,49.66,0.00%,-0.28%,0.28%,10920266
960,XLU,,0.65,0.09%,-0.24%,-4.04%,-12.27%,6.00%,49.04,50.21,-1.53%,-1.28%,-0.25%,17179144
961,XLV,,1.04,1.23%,1.67%,0.49%,-9.18%,9.50%,55.12,83.36,1.15%,0.75%,0.40%,8035440
962,XME,,0.76,2.47%,5.72%,9.69%,-4.49%,35.82%,64.74,37.84,0.88%,0.19%,0.69%,1812411
963,XOG,,0.69,11.59%,25.42%,22.13%,-1.24%,66.93%,73,17.16,1.18%,1.30%,-0.12%,2185876
964,XOM,0.91,1.56,1.83%,4.79%,1.85%,-8.37%,13.41%,58.98,81.83,0.73%,-0.05%,0.78%,9866988
965,XON,1.05,0.73,0.05%,-3.74%,3.86%,-36.21%,60.99%,50.27,16.51,-0.42%,-0.78%,0.36%,1063273
966,XOP,,1.13,0.95%,8.59%,18.70%,-5.81%,45.55%,58.26,42.15,-0.24%,-0.14%,-0.09%,15724065
967,XRAY,1.24,1.19,-7.25%,-11.00%,-24.85%,-37.05%,-0.64%,27.17,43.42,-0.89%,-1.18%,0.30%,3232473
968,XRT,,0.72,1.30%,3.34%,7.03%,-5.03%,23.61%,56.02,46.62,0.54%,0.58%,-0.04%,3840792
969,XRX,1.16,0.7,-3.58%,-5.85%,-10.43%,-26.91%,0.89%,38.75,27.35,0.63%,0.04%,0.59%,2234297
970,XYL,1.1,1.47,0.39%,-3.41%,3.23%,-10.01%,37.73%,47.75,71.84,2.05%,1.01%,1.02%,1030804
971,YELP,1.02,1.39,-3.75%,-1.81%,-1.64%,-10.93%,55.07%,45.87,43.11,0.61%,0.26%,0.35%,1455305
972,YEXT,,0.52,15.79%,25.02%,32.92%,9.55%,60.49%,82.3,16.98,10.33%,8.29%,1.88%,3888345
973,YINN,,1.46,-1.54%,-0.96%,-4.16%,-38.56%,57.07%,49.12,33.11,3.79%,1.91%,1.85%,819194
974,YNDX,2.67,1.04,1.09%,-2.86%,-1.34%,-22.68%,37.93%,48.7,34.4,2.63%,2.08%,0.54%,2815040
975,YPF,1.83,0.64,-8.02%,-13.81%,-18.34%,-32.21%,1.83%,26.3,18.1,-0.33%,-1.04%,0.72%,915729
976,YRD,,1.59,-15.11%,-26.31%,-37.34%,-53.57%,10.88%,25.1,24.84,5.88%,4.90%,0.94%,906037
977,YUM,0.84,1.34,-1.39%,-2.77%,1.65%,-6.99%,15.53%,42.25,81.91,0.71%,0.33%,0.38%,1968508
978,YUMC,,1.04,3.23%,-0.44%,-3.32%,-19.30%,17.22%,54.49,39.34,0.10%,-0.63%,0.74%,2609169
979,Z,,1.94,8.64%,12.35%,30.10%,-1.60%,56.66%,67.07,59.03,1.20%,-1.44%,2.67%,1677685
980,ZAYO,0.5,0.65,0.86%,-1.78%,-2.34%,-8.93%,16.25%,47.23,34.56,-0.69%,-1.20%,0.52%,2723109
981,ZEN,1.55,1.61,2.75%,11.68%,47.21%,-0.82%,130.03%,67.34,56.84,1.70%,0.96%,0.73%,1151324
982,ZION,1.34,1.25,-2.20%,1.72%,9.96%,-5.96%,40.48%,47.19,55.66,1.55%,-0.09%,1.64%,1657259
983,ZOES,0.15,0.82,-37.29%,-37.52%,-36.38%,-48.84%,5.12%,21.26,9.03,-0.55%,-0.55%,0.00%,1089645
984,ZS,,1.2,3.69%,1.26%,0.73%,-19.09%,13.81%,55.27,28.18,7.31%,6.90%,0.38%,849101
985,ZTO,,0.56,15.69%,25.40%,33.39%,-4.56%,63.44%,87.33,20.71,0.58%,0.29%,0.29%,3174547
986,ZTS,0.97,1.6,2.42%,2.44%,15.36%,-1.11%,43.56%,57.93,85.42,2.05%,1.30%,0.74%,1422292
987,ZUO,,1.15,31.23%,32.05%,32.05%,14.98%,40.80%,,26.4,19.03%,14.19%,4.24%,2136670
